"id","name","bbe","gb_rate","air_rate","fb_rate","ld_rate","pu_rate","pull_rate","straight_rate","oppo_rate","pull_gb_rate","straight_gb_rate","oppo_gb_rate","pull_air_rate","straight_air_rate","oppo_air_rate"
527038,"Flores, Wilmer",129,0.35658914728682173,0.6434108527131783,0.24031007751937986,0.27906976744186046,0.12403100775193798,0.3875968992248062,0.3875968992248062,0.2248062015503876,0.16279069767441862,0.15503875968992248,0.03875968992248062,0.2248062015503876,0.23255813953488375,0.18604651162790697
641355,"Bellinger, Cody",124,0.3064516129032258,0.6935483870967742,0.3629032258064516,0.25,0.08064516129032258,0.3951612903225806,0.3548387096774194,0.25,0.14516129032258066,0.12096774193548387,0.04032258064516129,0.24999999999999997,0.2338709677419355,0.20967741935483872
668709,"Bleday, JJ",117,0.3333333333333333,0.6666666666666667,0.3504273504273504,0.20512820512820512,0.1111111111111111,0.48717948717948717,0.36752136752136755,0.1452991452991453,0.21367521367521367,0.1111111111111111,0.008547008547008548,0.27350427350427353,0.25641025641025644,0.13675213675213677
669127,"Langeliers, Shea",129,0.46511627906976744,0.5348837209302325,0.24806201550387597,0.23255813953488372,0.05426356589147287,0.3488372093023256,0.4496124031007752,0.20155038759689922,0.18604651162790697,0.23255813953488372,0.046511627906976744,0.16279069767441862,0.2170542635658915,0.15503875968992248
663993,"Lowe, Nathaniel",125,0.44,0.56,0.232,0.264,0.064,0.328,0.352,0.32,0.16,0.192,0.088,0.168,0.15999999999999998,0.232
700242,"Sweeney, Trey",112,0.5,0.5,0.26785714285714285,0.20535714285714285,0.026785714285714284,0.4375,0.4107142857142857,0.15178571428571427,0.25892857142857145,0.20535714285714285,0.03571428571428571,0.17857142857142855,0.20535714285714285,0.11607142857142856
670764,"Walls, Taylor",86,0.4883720930232558,0.5116279069767442,0.2558139534883721,0.19767441860465115,0.05813953488372093,0.36046511627906974,0.3488372093023256,0.29069767441860467,0.22093023255813954,0.20930232558139536,0.05813953488372093,0.1395348837209302,0.13953488372093023,0.23255813953488375
682985,"Greene, Riley",123,0.45528455284552843,0.5447154471544715,0.25203252032520324,0.25203252032520324,0.04065040650406504,0.3821138211382114,0.36585365853658536,0.25203252032520324,0.22764227642276422,0.17886178861788618,0.04878048780487805,0.1544715447154472,0.18699186991869918,0.2032520325203252
665828,"Cabrera, Oswaldo",84,0.5119047619047619,0.48809523809523814,0.14285714285714285,0.27380952380952384,0.07142857142857142,0.4166666666666667,0.36904761904761907,0.21428571428571427,0.27380952380952384,0.21428571428571427,0.023809523809523808,0.14285714285714285,0.1547619047619048,0.19047619047619047
666397,"Julien, Edouard",63,0.49206349206349204,0.5079365079365079,0.2222222222222222,0.2857142857142857,0,0.36507936507936506,0.3492063492063492,0.2857142857142857,0.25396825396825395,0.14285714285714285,0.09523809523809523,0.1111111111111111,0.20634920634920634,0.19047619047619047
570482,"Urshela, Gio",79,0.4810126582278481,0.5189873417721519,0.20253164556962025,0.27848101265822783,0.0379746835443038,0.3670886075949367,0.3924050632911392,0.24050632911392406,0.21518987341772153,0.22784810126582278,0.0379746835443038,0.1518987341772152,0.16455696202531644,0.20253164556962025
608324,"Bregman, Alex",148,0.36486486486486486,0.6351351351351352,0.34459459459459457,0.19594594594594594,0.0945945945945946,0.5608108108108109,0.3108108108108108,0.12837837837837837,0.2635135135135135,0.08108108108108109,0.02027027027027027,0.29729729729729737,0.22972972972972971,0.1081081081081081
641680,"Heim, Jonah",95,0.4,0.6000000000000001,0.25263157894736843,0.2631578947368421,0.08421052631578947,0.35789473684210527,0.43157894736842106,0.21052631578947367,0.23157894736842105,0.1368421052631579,0.031578947368421054,0.12631578947368421,0.2947368421052632,0.17894736842105263
663647,"Hayes, Ke'Bryan",129,0.4573643410852713,0.5426356589147286,0.17829457364341086,0.26356589147286824,0.10077519379844961,0.2868217054263566,0.3875968992248062,0.32558139534883723,0.1937984496124031,0.18604651162790697,0.07751937984496124,0.09302325581395349,0.20155038759689925,0.248062015503876
650402,"Torres, Gleyber",119,0.35294117647058826,0.6470588235294118,0.3445378151260504,0.25210084033613445,0.05042016806722689,0.33613445378151263,0.36134453781512604,0.3025210084033613,0.12605042016806722,0.15966386554621848,0.06722689075630252,0.2100840336134454,0.20168067226890757,0.23529411764705882
666624,"Morel, Christopher",62,0.3548387096774194,0.6451612903225806,0.3548387096774194,0.16129032258064516,0.12903225806451613,0.5806451612903226,0.3225806451612903,0.0967741935483871,0.3225806451612903,0.03225806451612903,0,0.2580645161290323,0.29032258064516125,0.0967741935483871
700932,"Manzardo, Kyle",99,0.31313131313131315,0.686868686868687,0.41414141414141414,0.18181818181818182,0.09090909090909091,0.43434343434343436,0.32323232323232326,0.24242424242424243,0.1717171717171717,0.12121212121212122,0.020202020202020204,0.26262626262626265,0.20202020202020204,0.22222222222222224
672515,"Moreno, Gabriel",94,0.5,0.5,0.2127659574468085,0.2553191489361702,0.031914893617021274,0.2765957446808511,0.39361702127659576,0.32978723404255317,0.24468085106382978,0.1702127659574468,0.0851063829787234,0.031914893617021295,0.22340425531914895,0.24468085106382975
671213,"Casas, Triston",72,0.3888888888888889,0.611111111111111,0.3472222222222222,0.2222222222222222,0.041666666666666664,0.4027777777777778,0.3472222222222222,0.25,0.18055555555555555,0.1527777777777778,0.05555555555555555,0.22222222222222224,0.19444444444444442,0.19444444444444445
673357,"Robert Jr., Luis",101,0.4158415841584158,0.5841584158415841,0.24752475247524752,0.2079207920792079,0.12871287128712872,0.43564356435643564,0.297029702970297,0.26732673267326734,0.27722772277227725,0.09900990099009901,0.039603960396039604,0.1584158415841584,0.198019801980198,0.22772277227722773
683734,"Vaughn, Andrew",132,0.4166666666666667,0.5833333333333333,0.30303030303030304,0.21212121212121213,0.06818181818181818,0.3712121212121212,0.32575757575757575,0.30303030303030304,0.1893939393939394,0.1893939393939394,0.03787878787878788,0.18181818181818182,0.13636363636363635,0.26515151515151514
673548,"Suzuki, Seiya",122,0.319672131147541,0.6803278688524589,0.28688524590163933,0.32786885245901637,0.06557377049180328,0.48360655737704916,0.3524590163934426,0.16393442622950818,0.22131147540983606,0.08196721311475409,0.01639344262295082,0.2622950819672131,0.27049180327868855,0.14754098360655737
657757,"Sheets, Gavin",97,0.3402061855670103,0.6597938144329896,0.25773195876288657,0.32989690721649484,0.07216494845360824,0.422680412371134,0.31958762886597936,0.25773195876288657,0.14432989690721648,0.12371134020618557,0.07216494845360824,0.27835051546391754,0.19587628865979378,0.18556701030927833
668804,"Reynolds, Bryan",127,0.5354330708661418,0.4645669291338582,0.25984251968503935,0.2047244094488189,0,0.3779527559055118,0.3700787401574803,0.25196850393700787,0.25984251968503935,0.1889763779527559,0.08661417322834646,0.11811023622047245,0.18110236220472442,0.1653543307086614
547180,"Harper, Bryce",132,0.3484848484848485,0.6515151515151515,0.3409090909090909,0.29545454545454547,0.015151515151515152,0.3484848484848485,0.32575757575757575,0.32575757575757575,0.1893939393939394,0.10606060606060606,0.05303030303030303,0.15909090909090912,0.21969696969696967,0.2727272727272727
663697,"India, Jonathan",138,0.37681159420289856,0.6231884057971014,0.2971014492753623,0.2463768115942029,0.07971014492753623,0.5289855072463768,0.26811594202898553,0.2028985507246377,0.2608695652173913,0.10144927536231885,0.014492753623188406,0.26811594202898553,0.16666666666666669,0.18840579710144928
656941,"Schwarber, Kyle",125,0.392,0.6080000000000001,0.344,0.2,0.064,0.536,0.288,0.176,0.28,0.112,0,0.256,0.176,0.176
665742,"Soto, Juan",136,0.5073529411764706,0.4926470588235294,0.23529411764705882,0.21323529411764705,0.04411764705882353,0.36764705882352944,0.4117647058823529,0.22058823529411764,0.23529411764705882,0.22794117647058823,0.04411764705882353,0.13235294117647062,0.1838235294117647,0.1764705882352941
670623,"Paredes, Isaac",135,0.35555555555555557,0.6444444444444445,0.3111111111111111,0.2740740740740741,0.05925925925925926,0.5185185185185185,0.2740740740740741,0.2074074074074074,0.18518518518518517,0.0962962962962963,0.07407407407407407,0.3333333333333333,0.17777777777777778,0.13333333333333333
666971,"Gurriel Jr., Lourdes",149,0.3691275167785235,0.6308724832214765,0.2953020134228188,0.2348993288590604,0.10067114093959731,0.4161073825503356,0.2953020134228188,0.28859060402684567,0.19463087248322147,0.087248322147651,0.087248322147651,0.2214765100671141,0.20805369127516782,0.20134228187919467
665487,"Tatis Jr., Fernando",139,0.539568345323741,0.46043165467625896,0.22302158273381295,0.20863309352517986,0.02877697841726619,0.38848920863309355,0.39568345323741005,0.2158273381294964,0.2733812949640288,0.19424460431654678,0.07194244604316546,0.11510791366906475,0.20143884892086328,0.14388489208633093
663898,"Rodgers, Brendan",56,0.375,0.625,0.32142857142857145,0.26785714285714285,0.03571428571428571,0.42857142857142855,0.3392857142857143,0.23214285714285715,0.23214285714285715,0.125,0.017857142857142856,0.1964285714285714,0.2142857142857143,0.2142857142857143
669911,"Toglia, Michael",95,0.37894736842105264,0.6210526315789473,0.2736842105263158,0.29473684210526313,0.05263157894736842,0.47368421052631576,0.28421052631578947,0.24210526315789474,0.24210526315789474,0.10526315789473684,0.031578947368421054,0.23157894736842102,0.17894736842105263,0.21052631578947367
624431,"Trevino, Jose",82,0.5365853658536586,0.4634146341463415,0.18292682926829268,0.23170731707317074,0.04878048780487805,0.4146341463414634,0.36585365853658536,0.21951219512195122,0.24390243902439024,0.18292682926829268,0.10975609756097561,0.17073170731707316,0.18292682926829268,0.10975609756097561
677587,"Rocchio, Brayan",72,0.5,0.5,0.19444444444444445,0.2777777777777778,0.027777777777777776,0.4583333333333333,0.3333333333333333,0.20833333333333334,0.3194444444444444,0.16666666666666666,0.013888888888888888,0.1388888888888889,0.16666666666666666,0.19444444444444445
666969,"García, Adolis",128,0.3125,0.6875,0.4140625,0.1640625,0.109375,0.3828125,0.359375,0.2578125,0.1640625,0.1171875,0.03125,0.21875,0.2421875,0.2265625
683002,"Henderson, Gunnar",107,0.4953271028037383,0.5046728971962616,0.21495327102803738,0.2336448598130841,0.056074766355140186,0.38317757009345793,0.3364485981308411,0.2803738317757009,0.21495327102803738,0.17757009345794392,0.102803738317757,0.16822429906542055,0.1588785046728972,0.1775700934579439
621566,"Olson, Matt",126,0.4126984126984127,0.5873015873015872,0.30158730158730157,0.20634920634920634,0.07936507936507936,0.373015873015873,0.36507936507936506,0.2619047619047619,0.23809523809523808,0.15079365079365079,0.023809523809523808,0.13492063492063494,0.21428571428571427,0.2380952380952381
682177,"Schneemann, Daniel",71,0.5352112676056338,0.4647887323943662,0.2535211267605634,0.15492957746478872,0.056338028169014086,0.43661971830985913,0.352112676056338,0.2112676056338028,0.30985915492957744,0.16901408450704225,0.056338028169014086,0.1267605633802817,0.18309859154929575,0.15492957746478872
514888,"Altuve, Jose",141,0.5602836879432624,0.4397163120567376,0.19148936170212766,0.1276595744680851,0.12056737588652482,0.5106382978723404,0.2907801418439716,0.19858156028368795,0.3404255319148936,0.1773049645390071,0.0425531914893617,0.17021276595744678,0.11347517730496451,0.15602836879432624
678246,"Vargas, Miguel",129,0.3023255813953488,0.6976744186046512,0.31007751937984496,0.24806201550387597,0.13953488372093023,0.37209302325581395,0.4263565891472868,0.20155038759689922,0.18604651162790697,0.10077519379844961,0.015503875968992248,0.18604651162790697,0.3255813953488372,0.18604651162790697
643396,"Kiner-Falefa, Isiah",100,0.53,0.47000000000000003,0.13,0.28,0.06,0.32,0.41,0.27,0.19,0.26,0.08,0.13,0.14999999999999997,0.19
502054,"Pham, Tommy",78,0.5769230769230769,0.4230769230769231,0.14102564102564102,0.21794871794871795,0.0641025641025641,0.44871794871794873,0.2564102564102564,0.2948717948717949,0.3333333333333333,0.16666666666666666,0.07692307692307693,0.11538461538461542,0.08974358974358973,0.21794871794871795
677008,"Kjerstad, Heston",78,0.41025641025641024,0.5897435897435898,0.2692307692307692,0.21794871794871795,0.10256410256410256,0.358974358974359,0.3333333333333333,0.3076923076923077,0.20512820512820512,0.16666666666666666,0.038461538461538464,0.15384615384615385,0.16666666666666666,0.2692307692307693
691406,"Caminero, Junior",133,0.518796992481203,0.48120300751879697,0.21052631578947367,0.19548872180451127,0.07518796992481203,0.38345864661654133,0.44360902255639095,0.17293233082706766,0.19548872180451127,0.2706766917293233,0.05263157894736842,0.18796992481203006,0.17293233082706766,0.12030075187969924
668930,"Turang, Brice",126,0.5317460317460317,0.4682539682539682,0.20634920634920634,0.24603174603174602,0.015873015873015872,0.1984126984126984,0.46825396825396826,0.3333333333333333,0.18253968253968253,0.23809523809523808,0.1111111111111111,0.015873015873015872,0.23015873015873017,0.2222222222222222
679529,"Torkelson, Spencer",121,0.2892561983471074,0.7107438016528926,0.4049586776859504,0.2231404958677686,0.08264462809917356,0.45454545454545453,0.3140495867768595,0.23140495867768596,0.1322314049586777,0.11570247933884298,0.04132231404958678,0.32231404958677684,0.19834710743801653,0.19008264462809918
694384,"Schanuel, Nolan",129,0.4263565891472868,0.5736434108527132,0.23255813953488372,0.3178294573643411,0.023255813953488372,0.3798449612403101,0.3798449612403101,0.24031007751937986,0.24031007751937986,0.13953488372093023,0.046511627906976744,0.13953488372093023,0.24031007751937986,0.1937984496124031
672820,"Sosa, Lenyn",119,0.31932773109243695,0.680672268907563,0.24369747899159663,0.3277310924369748,0.1092436974789916,0.33613445378151263,0.33613445378151263,0.3277310924369748,0.15966386554621848,0.11764705882352941,0.04201680672268908,0.17647058823529416,0.21848739495798322,0.2857142857142857
693307,"Dingler, Dillon",90,0.36666666666666664,0.6333333333333333,0.3,0.26666666666666666,0.06666666666666667,0.4111111111111111,0.34444444444444444,0.24444444444444444,0.16666666666666666,0.14444444444444443,0.05555555555555555,0.24444444444444444,0.2,0.18888888888888888
691026,"Winn, Masyn",94,0.3404255319148936,0.6595744680851063,0.22340425531914893,0.2978723404255319,0.13829787234042554,0.425531914893617,0.2978723404255319,0.2765957446808511,0.20212765957446807,0.07446808510638298,0.06382978723404255,0.22340425531914895,0.22340425531914893,0.21276595744680854
665839,"Valdez, Enmanuel",75,0.3466666666666667,0.6533333333333334,0.25333333333333335,0.28,0.12,0.4666666666666667,0.36,0.17333333333333334,0.24,0.10666666666666667,0,0.22666666666666668,0.2533333333333333,0.17333333333333334
642201,"White, Eli",84,0.5476190476190477,0.4523809523809524,0.16666666666666666,0.27380952380952384,0.011904761904761904,0.38095238095238093,0.32142857142857145,0.2976190476190476,0.23809523809523808,0.19047619047619047,0.11904761904761904,0.14285714285714285,0.130952380952381,0.17857142857142858
665966,"Narváez, Carlos",80,0.425,0.575,0.2875,0.2,0.0875,0.3875,0.275,0.3375,0.1875,0.15,0.0875,0.2,0.12500000000000003,0.25
682657,"Martínez, Angel",86,0.5232558139534884,0.4767441860465117,0.22093023255813954,0.1744186046511628,0.08139534883720931,0.38372093023255816,0.47674418604651164,0.13953488372093023,0.20930232558139536,0.27906976744186046,0.03488372093023256,0.1744186046511628,0.19767441860465118,0.10465116279069767
608070,"Ramírez, José",147,0.30612244897959184,0.6938775510204082,0.3333333333333333,0.23129251700680273,0.1292517006802721,0.4421768707482993,0.3401360544217687,0.21768707482993196,0.17687074829931973,0.08843537414965986,0.04081632653061224,0.26530612244897955,0.25170068027210885,0.17687074829931973
643376,"Jansen, Danny",71,0.3380281690140845,0.6619718309859155,0.30985915492957744,0.16901408450704225,0.18309859154929578,0.4647887323943662,0.39436619718309857,0.14084507042253522,0.18309859154929578,0.09859154929577464,0.056338028169014086,0.2816901408450704,0.29577464788732394,0.08450704225352113
680574,"McLain, Matt",89,0.34831460674157305,0.651685393258427,0.34831460674157305,0.25842696629213485,0.0449438202247191,0.33707865168539325,0.42696629213483145,0.23595505617977527,0.1797752808988764,0.12359550561797752,0.0449438202247191,0.15730337078651685,0.3033707865168539,0.19101123595505617
669234,"Malloy, Justyn-Henry",54,0.2777777777777778,0.7222222222222221,0.3333333333333333,0.2962962962962963,0.09259259259259259,0.35185185185185186,0.37037037037037035,0.2777777777777778,0.12962962962962962,0.12962962962962962,0.018518518518518517,0.22222222222222224,0.24074074074074073,0.2592592592592593
596146,"Kepler, Max",112,0.4017857142857143,0.5982142857142857,0.33035714285714285,0.20535714285714285,0.0625,0.4642857142857143,0.3125,0.22321428571428573,0.2767857142857143,0.07142857142857142,0.05357142857142857,0.1875,0.24107142857142858,0.16964285714285715
691594,"Sanoja, Javier",81,0.5061728395061729,0.49382716049382713,0.1728395061728395,0.2345679012345679,0.08641975308641975,0.32098765432098764,0.4691358024691358,0.20987654320987653,0.18518518518518517,0.25925925925925924,0.06172839506172839,0.13580246913580246,0.20987654320987653,0.14814814814814814
669397,"Allen, Nick",96,0.5208333333333334,0.47916666666666663,0.16666666666666666,0.22916666666666666,0.08333333333333333,0.3020833333333333,0.3854166666666667,0.3125,0.19791666666666666,0.22916666666666666,0.09375,0.10416666666666666,0.15625000000000003,0.21875
686668,"Doyle, Brenton",106,0.3867924528301887,0.6132075471698113,0.33962264150943394,0.2169811320754717,0.05660377358490566,0.37735849056603776,0.37735849056603776,0.24528301886792453,0.2358490566037736,0.12264150943396226,0.02830188679245283,0.14150943396226418,0.2547169811320755,0.2169811320754717
521692,"Perez, Salvador",135,0.34814814814814815,0.6518518518518519,0.32592592592592595,0.25925925925925924,0.06666666666666667,0.42962962962962964,0.362962962962963,0.2074074074074074,0.1925925925925926,0.14074074074074075,0.014814814814814815,0.23703703703703705,0.22222222222222224,0.1925925925925926
666134,"Jones, Nolan",70,0.44285714285714284,0.5571428571428572,0.24285714285714285,0.22857142857142856,0.08571428571428572,0.32857142857142857,0.4,0.2714285714285714,0.18571428571428572,0.2,0.05714285714285714,0.14285714285714285,0.2,0.21428571428571427
672356,"Arias, Gabriel",105,0.580952380952381,0.41904761904761906,0.21904761904761905,0.18095238095238095,0.01904761904761905,0.4380952380952381,0.3523809523809524,0.20952380952380953,0.3142857142857143,0.2,0.06666666666666667,0.12380952380952381,0.1523809523809524,0.14285714285714285
669364,"Edwards, Xavier",140,0.4785714285714286,0.5214285714285715,0.22857142857142856,0.24285714285714285,0.05,0.2714285714285714,0.35714285714285715,0.37142857142857144,0.18571428571428572,0.2,0.09285714285714286,0.08571428571428569,0.15714285714285714,0.2785714285714286
592669,"Renfroe, Hunter",76,0.4342105263157895,0.5657894736842105,0.25,0.13157894736842105,0.18421052631578946,0.4868421052631579,0.32894736842105265,0.18421052631578946,0.2631578947368421,0.15789473684210525,0.013157894736842105,0.22368421052631582,0.1710526315789474,0.17105263157894735
663538,"Hoerner, Nico",155,0.4774193548387097,0.5225806451612903,0.23870967741935484,0.23870967741935484,0.04516129032258064,0.36129032258064514,0.36129032258064514,0.27741935483870966,0.2129032258064516,0.17419354838709677,0.09032258064516129,0.14838709677419354,0.18709677419354837,0.18709677419354837
672275,"Bailey, Patrick",81,0.2962962962962963,0.7037037037037037,0.43209876543209874,0.18518518518518517,0.08641975308641975,0.24691358024691357,0.5061728395061729,0.24691358024691357,0.07407407407407407,0.19753086419753085,0.024691358024691357,0.1728395061728395,0.308641975308642,0.2222222222222222
543807,"Springer, George",95,0.3684210526315789,0.631578947368421,0.29473684210526313,0.24210526315789474,0.09473684210526316,0.35789473684210527,0.37894736842105264,0.2631578947368421,0.18947368421052632,0.1368421052631579,0.042105263157894736,0.16842105263157894,0.24210526315789474,0.22105263157894736
682668,"Acuña, Luisangel",89,0.5730337078651685,0.42696629213483145,0.14606741573033707,0.23595505617977527,0.0449438202247191,0.19101123595505617,0.5280898876404494,0.2808988764044944,0.1348314606741573,0.3258426966292135,0.11235955056179775,0.056179775280898875,0.2022471910112359,0.16853932584269665
677800,"Abreu, Wilyer",121,0.2644628099173554,0.7355371900826446,0.4297520661157025,0.18181818181818182,0.12396694214876033,0.4297520661157025,0.32231404958677684,0.24793388429752067,0.1487603305785124,0.09917355371900827,0.01652892561983471,0.2809917355371901,0.22314049586776857,0.23140495867768596
650333,"Arraez, Luis",159,0.42138364779874216,0.5786163522012578,0.24528301886792453,0.29559748427672955,0.03773584905660377,0.29559748427672955,0.3333333333333333,0.3710691823899371,0.18238993710691823,0.15723270440251572,0.08176100628930817,0.11320754716981132,0.1761006289308176,0.2893081761006289
571657,"Farmer, Kyle",96,0.4375,0.5625,0.19791666666666666,0.2916666666666667,0.07291666666666667,0.375,0.3854166666666667,0.23958333333333334,0.2604166666666667,0.16666666666666666,0.010416666666666666,0.11458333333333331,0.21875000000000003,0.22916666666666669
656305,"Chapman, Matt",114,0.35964912280701755,0.6403508771929824,0.30701754385964913,0.17543859649122806,0.15789473684210525,0.35964912280701755,0.35964912280701755,0.2807017543859649,0.15789473684210525,0.14035087719298245,0.06140350877192982,0.2017543859649123,0.2192982456140351,0.21929824561403508
660688,"Ruiz, Keibert",139,0.5179856115107914,0.48201438848920863,0.16546762589928057,0.2446043165467626,0.07194244604316546,0.45323741007194246,0.3669064748201439,0.17985611510791366,0.2949640287769784,0.19424460431654678,0.02877697841726619,0.15827338129496404,0.1726618705035971,0.1510791366906475
691016,"Soderstrom, Tyler",135,0.4444444444444444,0.5555555555555556,0.2814814814814815,0.24444444444444444,0.02962962962962963,0.3925925925925926,0.3925925925925926,0.21481481481481482,0.22962962962962963,0.17037037037037037,0.044444444444444446,0.16296296296296298,0.22222222222222224,0.17037037037037037
691718,"Crow-Armstrong, Pete",140,0.2785714285714286,0.7214285714285714,0.37857142857142856,0.22857142857142856,0.11428571428571428,0.4,0.34285714285714286,0.2571428571428571,0.14285714285714285,0.11428571428571428,0.02142857142857143,0.2571428571428572,0.2285714285714286,0.23571428571428568
694192,"Chourio, Jackson",153,0.43790849673202614,0.5620915032679739,0.23529411764705882,0.22875816993464052,0.09803921568627451,0.3333333333333333,0.38562091503267976,0.28104575163398693,0.19607843137254902,0.1895424836601307,0.05228758169934641,0.1372549019607843,0.19607843137254904,0.22875816993464052
545361,"Trout, Mike",72,0.3055555555555556,0.6944444444444444,0.4305555555555556,0.19444444444444445,0.06944444444444445,0.3472222222222222,0.3472222222222222,0.3055555555555556,0.16666666666666666,0.06944444444444445,0.06944444444444445,0.18055555555555555,0.2777777777777778,0.23611111111111113
672695,"Perdomo, Geraldo",146,0.4041095890410959,0.595890410958904,0.2534246575342466,0.273972602739726,0.0684931506849315,0.3698630136986301,0.3356164383561644,0.2945205479452055,0.19863013698630136,0.1506849315068493,0.0547945205479452,0.17123287671232876,0.18493150684931509,0.2397260273972603
687401,"Ortiz, Joey",123,0.44715447154471544,0.5528455284552846,0.21951219512195122,0.2032520325203252,0.13008130081300814,0.24390243902439024,0.43089430894308944,0.3252032520325203,0.17886178861788618,0.17886178861788618,0.08943089430894309,0.06504065040650406,0.2520325203252033,0.23577235772357724
694671,"Langford, Wyatt",106,0.37735849056603776,0.6226415094339622,0.32075471698113206,0.22641509433962265,0.07547169811320754,0.41509433962264153,0.3490566037735849,0.2358490566037736,0.22641509433962265,0.12264150943396226,0.02830188679245283,0.18867924528301888,0.22641509433962262,0.20754716981132076
668939,"Rutschman, Adley",126,0.3968253968253968,0.6031746031746033,0.2857142857142857,0.2619047619047619,0.05555555555555555,0.42063492063492064,0.3333333333333333,0.24603174603174602,0.23015873015873015,0.1349206349206349,0.031746031746031744,0.1904761904761905,0.1984126984126984,0.21428571428571427
553993,"Suárez, Eugenio",123,0.3008130081300813,0.6991869918699186,0.3902439024390244,0.23577235772357724,0.07317073170731707,0.4634146341463415,0.37398373983739835,0.16260162601626016,0.1951219512195122,0.0975609756097561,0.008130081300813009,0.2682926829268293,0.2764227642276422,0.15447154471544716
661388,"Contreras, William",122,0.5491803278688525,0.45081967213114754,0.18032786885245902,0.23770491803278687,0.03278688524590164,0.3360655737704918,0.36885245901639346,0.29508196721311475,0.2459016393442623,0.1885245901639344,0.11475409836065574,0.0901639344262295,0.18032786885245905,0.180327868852459
672640,"Lopez, Otto",96,0.5,0.5,0.2604166666666667,0.21875,0.020833333333333332,0.22916666666666666,0.4479166666666667,0.3229166666666667,0.1875,0.25,0.0625,0.04166666666666666,0.19791666666666669,0.2604166666666667
696100,"Goodman, Hunter",124,0.3951612903225806,0.6048387096774194,0.31451612903225806,0.20161290322580644,0.08870967741935484,0.46774193548387094,0.31451612903225806,0.21774193548387097,0.2661290322580645,0.11290322580645161,0.016129032258064516,0.20161290322580644,0.20161290322580644,0.20161290322580644
677950,"Thomas, Alek",96,0.5625,0.4375,0.1875,0.21875,0.03125,0.3958333333333333,0.4166666666666667,0.1875,0.2916666666666667,0.23958333333333334,0.03125,0.10416666666666663,0.17708333333333334,0.15625
664023,"Happ, Ian",127,0.3464566929133858,0.6535433070866141,0.25984251968503935,0.29133858267716534,0.10236220472440945,0.3779527559055118,0.3543307086614173,0.2677165354330709,0.18110236220472442,0.14960629921259844,0.015748031496062992,0.19685039370078738,0.20472440944881887,0.25196850393700787
665862,"Chisholm Jr., Jazz",67,0.373134328358209,0.6268656716417911,0.373134328358209,0.13432835820895522,0.11940298507462686,0.3880597014925373,0.4626865671641791,0.14925373134328357,0.208955223880597,0.14925373134328357,0.014925373134328358,0.17910447761194032,0.31343283582089554,0.13432835820895522
670223,"Mervis, Matt",61,0.36065573770491804,0.639344262295082,0.36065573770491804,0.14754098360655737,0.13114754098360656,0.5081967213114754,0.3442622950819672,0.14754098360655737,0.21311475409836064,0.14754098360655737,0,0.29508196721311475,0.19672131147540983,0.14754098360655737
663616,"Larnach, Trevor",132,0.4772727272727273,0.5227272727272727,0.23484848484848486,0.23484848484848486,0.05303030303030303,0.38636363636363635,0.3484848484848485,0.26515151515151514,0.25,0.1893939393939394,0.03787878787878788,0.13636363636363635,0.15909090909090912,0.22727272727272727
665926,"Giménez, Andrés",103,0.47572815533980584,0.5242718446601942,0.2621359223300971,0.23300970873786409,0.02912621359223301,0.34951456310679613,0.4368932038834951,0.21359223300970873,0.1941747572815534,0.23300970873786409,0.04854368932038835,0.15533980582524273,0.20388349514563103,0.16504854368932037
596019,"Lindor, Francisco",157,0.46496815286624205,0.535031847133758,0.2611464968152866,0.20382165605095542,0.07006369426751592,0.40764331210191085,0.3821656050955414,0.21019108280254778,0.19745222929936307,0.20382165605095542,0.06369426751592357,0.21019108280254778,0.178343949044586,0.14649681528662423
805779,"Wilson, Jacob",169,0.5798816568047337,0.4201183431952663,0.15976331360946747,0.22485207100591717,0.03550295857988166,0.31952662721893493,0.4378698224852071,0.24260355029585798,0.20118343195266272,0.28994082840236685,0.08875739644970414,0.11834319526627221,0.14792899408284027,0.15384615384615385
665161,"Peña, Jeremy",149,0.4697986577181208,0.5302013422818792,0.2080536912751678,0.2550335570469799,0.06711409395973154,0.42953020134228187,0.3624161073825503,0.2080536912751678,0.2214765100671141,0.20134228187919462,0.04697986577181208,0.20805369127516776,0.1610738255033557,0.1610738255033557
593428,"Bogaerts, Xander",124,0.3951612903225806,0.6048387096774194,0.21774193548387097,0.31451612903225806,0.07258064516129033,0.3870967741935484,0.3709677419354839,0.24193548387096775,0.18548387096774194,0.16129032258064516,0.04838709677419355,0.20161290322580644,0.20967741935483872,0.1935483870967742
663457,"Nootbaar, Lars",149,0.3422818791946309,0.6577181208053691,0.28187919463087246,0.28187919463087246,0.09395973154362416,0.37583892617449666,0.37583892617449666,0.2483221476510067,0.174496644295302,0.12751677852348994,0.040268456375838924,0.20134228187919465,0.2483221476510067,0.2080536912751678
669224,"Wells, Austin",108,0.3333333333333333,0.6666666666666666,0.37037037037037035,0.2037037037037037,0.09259259259259259,0.37037037037037035,0.3148148148148148,0.3148148148148148,0.1574074074074074,0.1111111111111111,0.06481481481481481,0.21296296296296294,0.20370370370370372,0.25
691176,"Domínguez, Jasson",89,0.4157303370786517,0.5842696629213483,0.2696629213483146,0.2247191011235955,0.0898876404494382,0.39325842696629215,0.2808988764044944,0.3258426966292135,0.23595505617977527,0.14606741573033707,0.033707865168539325,0.15730337078651688,0.13483146067415733,0.2921348314606742
669701,"Smith, Josh",109,0.43119266055045874,0.5688073394495413,0.23853211009174313,0.24770642201834864,0.08256880733944955,0.3119266055045872,0.3761467889908257,0.3119266055045872,0.2018348623853211,0.1834862385321101,0.045871559633027525,0.11009174311926606,0.1926605504587156,0.26605504587155965
656555,"Hoskins, Rhys",104,0.3076923076923077,0.6923076923076923,0.3076923076923077,0.3076923076923077,0.07692307692307693,0.5673076923076923,0.2980769230769231,0.1346153846153846,0.18269230769230768,0.09615384615384616,0.028846153846153848,0.3846153846153846,0.20192307692307693,0.10576923076923075
641857,"McMahon, Ryan",97,0.4329896907216495,0.5670103092783505,0.32989690721649484,0.1958762886597938,0.041237113402061855,0.422680412371134,0.3917525773195876,0.18556701030927836,0.23711340206185566,0.16494845360824742,0.030927835051546393,0.18556701030927836,0.2268041237113402,0.15463917525773196
605141,"Betts, Mookie",150,0.3466666666666667,0.6533333333333333,0.3333333333333333,0.26,0.06,0.3466666666666667,0.41333333333333333,0.24,0.16,0.12,0.06666666666666667,0.18666666666666668,0.29333333333333333,0.17333333333333334
621020,"Swanson, Dansby",130,0.4153846153846154,0.5846153846153846,0.2846153846153846,0.2076923076923077,0.09230769230769231,0.3769230769230769,0.4307692307692308,0.19230769230769232,0.23076923076923078,0.16923076923076924,0.015384615384615385,0.14615384615384613,0.26153846153846155,0.17692307692307693
680777,"Jeffers, Ryan",100,0.37,0.6300000000000001,0.31,0.25,0.07,0.36,0.35,0.29,0.18,0.16,0.03,0.18,0.18999999999999997,0.26
592206,"Castellanos, Nick",143,0.34265734265734266,0.6573426573426574,0.32167832167832167,0.3076923076923077,0.027972027972027972,0.3776223776223776,0.3776223776223776,0.24475524475524477,0.20279720279720279,0.11188811188811189,0.027972027972027972,0.17482517482517482,0.26573426573426573,0.2167832167832168
542303,"Ozuna, Marcell",111,0.3783783783783784,0.6216216216216216,0.2882882882882883,0.27927927927927926,0.05405405405405406,0.46846846846846846,0.27927927927927926,0.25225225225225223,0.24324324324324326,0.10810810810810811,0.02702702702702703,0.2252252252252252,0.17117117117117114,0.2252252252252252
671739,"Harris II, Michael",150,0.49333333333333335,0.5066666666666666,0.19333333333333333,0.25333333333333335,0.06,0.38666666666666666,0.36,0.25333333333333335,0.24,0.19333333333333333,0.06,0.14666666666666667,0.16666666666666666,0.19333333333333336
665750,"Taveras, Leody",76,0.35526315789473684,0.6447368421052632,0.2236842105263158,0.25,0.17105263157894737,0.2236842105263158,0.4342105263157895,0.34210526315789475,0.09210526315789473,0.19736842105263158,0.06578947368421052,0.13157894736842107,0.2368421052631579,0.27631578947368424
669743,"Call, Alex",81,0.41975308641975306,0.5802469135802468,0.25925925925925924,0.2839506172839506,0.037037037037037035,0.3333333333333333,0.30864197530864196,0.35802469135802467,0.20987654320987653,0.14814814814814814,0.06172839506172839,0.12345679012345678,0.16049382716049382,0.2962962962962963
700250,"Rice, Ben",102,0.47058823529411764,0.5294117647058824,0.2647058823529412,0.21568627450980393,0.049019607843137254,0.47058823529411764,0.29411764705882354,0.23529411764705882,0.23529411764705882,0.16666666666666666,0.06862745098039216,0.23529411764705882,0.12745098039215688,0.16666666666666666
673237,"Diaz, Yainer",127,0.4409448818897638,0.5590551181102362,0.2677165354330709,0.2283464566929134,0.06299212598425197,0.4094488188976378,0.3464566929133858,0.2440944881889764,0.2125984251968504,0.16535433070866143,0.06299212598425197,0.19685039370078738,0.1811023622047244,0.18110236220472442
808982,"Lee, Jung Hoo",160,0.40625,0.59375,0.26875,0.28125,0.04375,0.3875,0.3375,0.275,0.2,0.1625,0.04375,0.1875,0.17500000000000002,0.23125
686469,"Pasquantino, Vinnie",149,0.38926174496644295,0.610738255033557,0.3288590604026846,0.2080536912751678,0.0738255033557047,0.46308724832214765,0.35570469798657717,0.18120805369127516,0.2080536912751678,0.15436241610738255,0.026845637583892617,0.25503355704697983,0.20134228187919462,0.15436241610738255
572191,"Taylor, Michael A.",57,0.38596491228070173,0.6140350877192983,0.2982456140350877,0.21052631578947367,0.10526315789473684,0.3684210526315789,0.2982456140350877,0.3333333333333333,0.24561403508771928,0.08771929824561403,0.05263157894736842,0.12280701754385964,0.21052631578947367,0.2807017543859649
666160,"Moniak, Mickey",95,0.3894736842105263,0.6105263157894737,0.29473684210526313,0.28421052631578947,0.031578947368421054,0.47368421052631576,0.28421052631578947,0.24210526315789474,0.2736842105263158,0.11578947368421053,0,0.19999999999999996,0.16842105263157894,0.24210526315789474
669065,"Stowers, Kyle",103,0.39805825242718446,0.6019417475728155,0.30097087378640774,0.2815533980582524,0.019417475728155338,0.4077669902912621,0.34951456310679613,0.24271844660194175,0.1553398058252427,0.1941747572815534,0.04854368932038835,0.2524271844660194,0.15533980582524273,0.1941747572815534
642715,"Adames, Willy",133,0.3157894736842105,0.6842105263157895,0.3308270676691729,0.21804511278195488,0.13533834586466165,0.39097744360902253,0.3233082706766917,0.2857142857142857,0.21804511278195488,0.06015037593984962,0.03759398496240601,0.17293233082706766,0.2631578947368421,0.24812030075187969
646240,"Devers, Rafael",128,0.390625,0.609375,0.3046875,0.2578125,0.046875,0.2734375,0.421875,0.3046875,0.125,0.203125,0.0625,0.1484375,0.21875,0.2421875
578428,"Iglesias, Jose",83,0.7469879518072289,0.25301204819277107,0.08433734939759036,0.1566265060240964,0.012048192771084338,0.27710843373493976,0.3614457831325301,0.3614457831325301,0.2289156626506024,0.26506024096385544,0.25301204819277107,0.048192771084337366,0.09638554216867468,0.10843373493975905
681624,"Pages, Andy",123,0.3252032520325203,0.6747967479674797,0.34146341463414637,0.3008130081300813,0.032520325203252036,0.42276422764227645,0.35772357723577236,0.21951219512195122,0.21138211382113822,0.08943089430894309,0.024390243902439025,0.21138211382113822,0.2682926829268293,0.1951219512195122
669242,"Edman, Tommy",100,0.39,0.6100000000000001,0.3,0.26,0.05,0.47,0.31,0.22,0.24,0.1,0.05,0.22999999999999998,0.21,0.16999999999999998
518692,"Freeman, Freddie",106,0.36792452830188677,0.6320754716981132,0.3584905660377358,0.2641509433962264,0.009433962264150943,0.3867924528301887,0.36792452830188677,0.24528301886792453,0.18867924528301888,0.1320754716981132,0.04716981132075472,0.19811320754716982,0.23584905660377356,0.19811320754716982
657077,"Verdugo, Alex",94,0.46808510638297873,0.5319148936170213,0.19148936170212766,0.2872340425531915,0.05319148936170213,0.2978723404255319,0.43617021276595747,0.26595744680851063,0.19148936170212766,0.23404255319148937,0.0425531914893617,0.10638297872340424,0.2021276595744681,0.22340425531914893
691023,"Walker, Jordan",89,0.4606741573033708,0.5393258426966292,0.23595505617977527,0.21348314606741572,0.0898876404494382,0.30337078651685395,0.42696629213483145,0.2696629213483146,0.20224719101123595,0.1797752808988764,0.07865168539325842,0.101123595505618,0.24719101123595505,0.19101123595505617
605137,"Bell, Josh",105,0.49523809523809526,0.5047619047619047,0.23809523809523808,0.18095238095238095,0.08571428571428572,0.49523809523809526,0.26666666666666666,0.23809523809523808,0.3142857142857143,0.13333333333333333,0.047619047619047616,0.18095238095238098,0.13333333333333333,0.19047619047619047
673962,"Jung, Josh",111,0.42342342342342343,0.5765765765765767,0.2702702702702703,0.22522522522522523,0.08108108108108109,0.40540540540540543,0.34234234234234234,0.25225225225225223,0.26126126126126126,0.13513513513513514,0.02702702702702703,0.14414414414414417,0.2072072072072072,0.2252252252252252
502671,"Goldschmidt, Paul",144,0.4027777777777778,0.5972222222222223,0.25,0.2986111111111111,0.04861111111111111,0.3888888888888889,0.3472222222222222,0.2638888888888889,0.2222222222222222,0.125,0.05555555555555555,0.16666666666666669,0.2222222222222222,0.20833333333333334
543760,"Semien, Marcus",126,0.373015873015873,0.6269841269841269,0.3333333333333333,0.19047619047619047,0.10317460317460317,0.4603174603174603,0.3412698412698413,0.1984126984126984,0.25396825396825395,0.07936507936507936,0.03968253968253968,0.20634920634920634,0.2619047619047619,0.15873015873015872
667670,"Rooker, Brent",136,0.41911764705882354,0.5808823529411764,0.3161764705882353,0.20588235294117646,0.058823529411764705,0.4117647058823529,0.39705882352941174,0.19117647058823528,0.22794117647058823,0.15441176470588236,0.03676470588235294,0.1838235294117647,0.24264705882352938,0.15441176470588233
664238,"Moore, Dylan",70,0.4,0.6,0.2857142857142857,0.22857142857142856,0.08571428571428572,0.44285714285714284,0.34285714285714286,0.21428571428571427,0.2,0.15714285714285714,0.04285714285714286,0.24285714285714283,0.18571428571428572,0.17142857142857143
687263,"Neto, Zach",73,0.3287671232876712,0.6712328767123287,0.3013698630136986,0.2876712328767123,0.0821917808219178,0.4794520547945205,0.3150684931506849,0.2054794520547945,0.1917808219178082,0.1095890410958904,0.0273972602739726,0.2876712328767123,0.2054794520547945,0.1780821917808219
676694,"Meyers, Jake",110,0.5272727272727272,0.4727272727272728,0.2,0.23636363636363636,0.03636363636363636,0.3181818181818182,0.4727272727272727,0.20909090909090908,0.20909090909090908,0.2636363636363636,0.05454545454545454,0.1090909090909091,0.2090909090909091,0.15454545454545454
681082,"Stott, Bryson",127,0.4015748031496063,0.5984251968503937,0.30708661417322836,0.2440944881889764,0.047244094488188976,0.2992125984251969,0.4094488188976378,0.29133858267716534,0.11023622047244094,0.1889763779527559,0.10236220472440945,0.18897637795275593,0.2204724409448819,0.1889763779527559
669289,"Espinal, Santiago",117,0.4358974358974359,0.5641025641025641,0.2564102564102564,0.23931623931623933,0.06837606837606838,0.38461538461538464,0.3247863247863248,0.2905982905982906,0.2222222222222222,0.1282051282051282,0.08547008547008547,0.16239316239316243,0.1965811965811966,0.20512820512820515
663698,"Bart, Joey",87,0.4827586206896552,0.5172413793103449,0.2413793103448276,0.26436781609195403,0.011494252873563218,0.40229885057471265,0.41379310344827586,0.1839080459770115,0.2413793103448276,0.19540229885057472,0.04597701149425287,0.16091954022988506,0.21839080459770113,0.13793103448275862
676609,"Caballero, José",67,0.3283582089552239,0.6716417910447762,0.22388059701492538,0.373134328358209,0.07462686567164178,0.373134328358209,0.3880597014925373,0.23880597014925373,0.16417910447761194,0.13432835820895522,0.029850746268656716,0.20895522388059704,0.2537313432835821,0.208955223880597
670541,"Alvarez, Yordan",84,0.3333333333333333,0.6666666666666666,0.30952380952380953,0.25,0.10714285714285714,0.4523809523809524,0.2857142857142857,0.2619047619047619,0.20238095238095238,0.10714285714285714,0.023809523809523808,0.25,0.17857142857142855,0.2380952380952381
664056,"Bader, Harrison",87,0.5402298850574713,0.45977011494252873,0.20689655172413793,0.1839080459770115,0.06896551724137931,0.5057471264367817,0.3103448275862069,0.1839080459770115,0.2988505747126437,0.1724137931034483,0.06896551724137931,0.20689655172413796,0.13793103448275862,0.11494252873563218
676475,"Burleson, Alec",102,0.4215686274509804,0.5784313725490197,0.23529411764705882,0.22549019607843138,0.11764705882352941,0.3431372549019608,0.4019607843137255,0.2549019607843137,0.20588235294117646,0.1568627450980392,0.058823529411764705,0.13725490196078433,0.2450980392156863,0.196078431372549
553869,"Díaz, Elias",73,0.410958904109589,0.5890410958904109,0.2191780821917808,0.2328767123287671,0.136986301369863,0.3287671232876712,0.3150684931506849,0.3561643835616438,0.136986301369863,0.1643835616438356,0.1095890410958904,0.1917808219178082,0.1506849315068493,0.2465753424657534
696285,"Young, Jacob",95,0.6736842105263158,0.32631578947368417,0.08421052631578947,0.21052631578947367,0.031578947368421054,0.3263157894736842,0.3894736842105263,0.28421052631578947,0.2736842105263158,0.25263157894736843,0.14736842105263157,0.05263157894736842,0.13684210526315788,0.1368421052631579
571771,"Hernández, Enrique",72,0.375,0.625,0.3055555555555556,0.20833333333333334,0.1111111111111111,0.4861111111111111,0.3194444444444444,0.19444444444444445,0.19444444444444445,0.1388888888888889,0.041666666666666664,0.29166666666666663,0.18055555555555552,0.1527777777777778
665489,"Guerrero Jr., Vladimir",137,0.45985401459854014,0.5401459854014599,0.20437956204379562,0.2846715328467153,0.051094890510948905,0.3284671532846715,0.38686131386861317,0.2846715328467153,0.18248175182481752,0.23357664233576642,0.043795620437956206,0.145985401459854,0.15328467153284675,0.2408759124087591
467793,"Santana, Carlos",123,0.45528455284552843,0.5447154471544715,0.18699186991869918,0.21138211382113822,0.14634146341463414,0.5447154471544715,0.3333333333333333,0.12195121951219512,0.2845528455284553,0.14634146341463414,0.024390243902439025,0.26016260162601623,0.18699186991869918,0.0975609756097561
656775,"Mullins, Cedric",113,0.2831858407079646,0.7168141592920354,0.336283185840708,0.23893805309734514,0.1415929203539823,0.45132743362831856,0.3008849557522124,0.24778761061946902,0.1415929203539823,0.10619469026548672,0.035398230088495575,0.30973451327433627,0.1946902654867257,0.21238938053097345
671221,"Waters, Drew",80,0.45,0.55,0.1875,0.3125,0.05,0.3875,0.3625,0.25,0.225,0.2,0.025,0.1625,0.16249999999999998,0.225
606192,"Hernández, Teoscar",106,0.39622641509433965,0.6037735849056604,0.29245283018867924,0.2641509433962264,0.04716981132075472,0.37735849056603776,0.33962264150943394,0.2830188679245283,0.18867924528301888,0.14150943396226415,0.0660377358490566,0.18867924528301888,0.1981132075471698,0.2169811320754717
702616,"Holliday, Jackson",106,0.5094339622641509,0.49056603773584906,0.2169811320754717,0.22641509433962265,0.04716981132075472,0.27358490566037735,0.4339622641509434,0.29245283018867924,0.18867924528301888,0.25471698113207547,0.0660377358490566,0.08490566037735847,0.17924528301886794,0.22641509433962265
624428,"Frazier, Adam",106,0.4056603773584906,0.5943396226415094,0.29245283018867924,0.2358490566037736,0.0660377358490566,0.37735849056603776,0.37735849056603776,0.24528301886792453,0.19811320754716982,0.16037735849056603,0.04716981132075472,0.17924528301886794,0.21698113207547173,0.19811320754716982
672580,"Garcia, Maikel",140,0.45714285714285713,0.5428571428571429,0.20714285714285716,0.2785714285714286,0.05714285714285714,0.37142857142857144,0.40714285714285714,0.22142857142857142,0.21428571428571427,0.2,0.04285714285714286,0.15714285714285717,0.20714285714285713,0.17857142857142855
668227,"Arozarena, Randy",102,0.4019607843137255,0.5980392156862745,0.2549019607843137,0.23529411764705882,0.10784313725490197,0.4411764705882353,0.29411764705882354,0.2647058823529412,0.18627450980392157,0.14705882352941177,0.06862745098039216,0.2549019607843137,0.14705882352941177,0.19607843137254902
692225,"Campbell, Kristian",104,0.47115384615384615,0.5192307692307693,0.22115384615384615,0.25,0.04807692307692308,0.3076923076923077,0.3942307692307692,0.28846153846153844,0.17307692307692307,0.20192307692307693,0.09615384615384616,0.13461538461538464,0.1923076923076923,0.1923076923076923
656716,"McKinstry, Zach",105,0.4380952380952381,0.5619047619047619,0.2,0.3238095238095238,0.0380952380952381,0.3904761904761905,0.3238095238095238,0.2857142857142857,0.21904761904761905,0.13333333333333333,0.08571428571428572,0.17142857142857143,0.1904761904761905,0.19999999999999998
609280,"Andujar, Miguel",112,0.48214285714285715,0.5178571428571429,0.24107142857142858,0.22321428571428573,0.05357142857142857,0.36607142857142855,0.4375,0.19642857142857142,0.21428571428571427,0.23214285714285715,0.03571428571428571,0.15178571428571427,0.20535714285714285,0.1607142857142857
664040,"Lowe, Brandon",114,0.37719298245614036,0.6228070175438596,0.22807017543859648,0.3157894736842105,0.07894736842105263,0.49122807017543857,0.30701754385964913,0.20175438596491227,0.22807017543859648,0.11403508771929824,0.03508771929824561,0.2631578947368421,0.1929824561403509,0.16666666666666666
664728,"Isbel, Kyle",93,0.5053763440860215,0.4946236559139785,0.15053763440860216,0.16129032258064516,0.1827956989247312,0.3655913978494624,0.3763440860215054,0.25806451612903225,0.20430107526881722,0.22580645161290322,0.07526881720430108,0.16129032258064516,0.15053763440860216,0.1827956989247312
670770,"Friedl, TJ",136,0.4338235294117647,0.5661764705882353,0.21323529411764705,0.2647058823529412,0.08823529411764706,0.49264705882352944,0.3602941176470588,0.14705882352941177,0.27941176470588236,0.13970588235294118,0.014705882352941176,0.21323529411764708,0.22058823529411764,0.1323529411764706
668901,"Vientos, Mark",123,0.4146341463414634,0.5853658536585367,0.2682926829268293,0.2682926829268293,0.04878048780487805,0.3089430894308943,0.44715447154471544,0.24390243902439024,0.18699186991869918,0.2032520325203252,0.024390243902439025,0.12195121951219515,0.24390243902439024,0.21951219512195122
676391,"Clement, Ernie",107,0.29906542056074764,0.7009345794392523,0.2336448598130841,0.34579439252336447,0.12149532710280374,0.40186915887850466,0.34579439252336447,0.2523364485981308,0.14953271028037382,0.1308411214953271,0.018691588785046728,0.25233644859813087,0.21495327102803738,0.23364485981308408
572233,"Walker, Christian",119,0.42016806722689076,0.5798319327731092,0.24369747899159663,0.23529411764705882,0.10084033613445378,0.453781512605042,0.37815126050420167,0.16806722689075632,0.23529411764705882,0.15966386554621848,0.025210084033613446,0.2184873949579832,0.2184873949579832,0.14285714285714288
682998,"Carroll, Corbin",144,0.4097222222222222,0.5902777777777778,0.3402777777777778,0.18055555555555555,0.06944444444444445,0.4097222222222222,0.4305555555555556,0.1597222222222222,0.1875,0.2013888888888889,0.020833333333333332,0.2222222222222222,0.22916666666666669,0.13888888888888887
623993,"Santander, Anthony",116,0.3793103448275862,0.6206896551724138,0.25,0.2413793103448276,0.12931034482758622,0.5086206896551724,0.3017241379310345,0.1896551724137931,0.19827586206896552,0.16379310344827586,0.017241379310344827,0.31034482758620685,0.13793103448275862,0.17241379310344826
683737,"Busch, Michael",106,0.39622641509433965,0.6037735849056604,0.36792452830188677,0.2169811320754717,0.018867924528301886,0.4716981132075472,0.29245283018867924,0.2358490566037736,0.24528301886792453,0.09433962264150944,0.05660377358490566,0.22641509433962265,0.1981132075471698,0.17924528301886794
641487,"Crawford, J.P.",117,0.41025641025641024,0.5897435897435898,0.24786324786324787,0.27350427350427353,0.06837606837606838,0.3247863247863248,0.36752136752136755,0.3076923076923077,0.1623931623931624,0.1623931623931624,0.08547008547008547,0.1623931623931624,0.20512820512820515,0.22222222222222224
680776,"Duran, Jarren",158,0.4050632911392405,0.5949367088607594,0.22151898734177214,0.2974683544303797,0.0759493670886076,0.3037974683544304,0.3924050632911392,0.3037974683544304,0.17721518987341772,0.189873417721519,0.0379746835443038,0.12658227848101267,0.20253164556962022,0.2658227848101266
592518,"Machado, Manny",135,0.4074074074074074,0.5925925925925926,0.2222222222222222,0.3111111111111111,0.05925925925925926,0.32592592592592595,0.4444444444444444,0.22962962962962963,0.17037037037037037,0.2074074074074074,0.02962962962962963,0.15555555555555559,0.23703703703703702,0.2
595879,"Báez, Javier",102,0.45098039215686275,0.5490196078431372,0.27450980392156865,0.23529411764705882,0.0392156862745098,0.43137254901960786,0.3333333333333333,0.23529411764705882,0.21568627450980393,0.14705882352941177,0.08823529411764706,0.21568627450980393,0.18627450980392155,0.14705882352941174
666158,"Lux, Gavin",109,0.44036697247706424,0.5596330275229358,0.22018348623853212,0.3302752293577982,0.009174311926605505,0.3761467889908257,0.43119266055045874,0.1926605504587156,0.1926605504587156,0.2018348623853211,0.045871559633027525,0.1834862385321101,0.22935779816513763,0.14678899082568808
671277,"García Jr., Luis",125,0.488,0.512,0.288,0.2,0.024,0.384,0.44,0.176,0.248,0.184,0.056,0.136,0.256,0.12
666018,"Aranda, Jonathan",99,0.45454545454545453,0.5454545454545455,0.25252525252525254,0.25252525252525254,0.04040404040404041,0.37373737373737376,0.3838383838383838,0.24242424242424243,0.1919191919191919,0.21212121212121213,0.050505050505050504,0.18181818181818185,0.17171717171717168,0.19191919191919193
666176,"Adell, Jo",81,0.4567901234567901,0.5432098765432098,0.24691358024691357,0.20987654320987653,0.08641975308641975,0.4444444444444444,0.35802469135802467,0.19753086419753085,0.2716049382716049,0.1728395061728395,0.012345679012345678,0.1728395061728395,0.18518518518518517,0.18518518518518517
457705,"McCutchen, Andrew",107,0.4766355140186916,0.5233644859813084,0.27102803738317754,0.16822429906542055,0.08411214953271028,0.45794392523364486,0.3644859813084112,0.17757009345794392,0.2803738317757009,0.1588785046728972,0.037383177570093455,0.17757009345794394,0.205607476635514,0.14018691588785046
669394,"Burger, Jake",89,0.39325842696629215,0.6067415730337078,0.2696629213483146,0.2247191011235955,0.11235955056179775,0.34831460674157305,0.38202247191011235,0.2696629213483146,0.21348314606741572,0.14606741573033707,0.033707865168539325,0.13483146067415733,0.23595505617977527,0.23595505617977527
677951,"Witt Jr., Bobby",152,0.35526315789473684,0.6447368421052632,0.27631578947368424,0.3092105263157895,0.05921052631578947,0.27631578947368424,0.3881578947368421,0.3355263157894737,0.1513157894736842,0.1513157894736842,0.05263157894736842,0.12500000000000003,0.23684210526315788,0.28289473684210525
681481,"Carpenter, Kerry",130,0.3230769230769231,0.676923076923077,0.35384615384615387,0.2,0.12307692307692308,0.4,0.3769230769230769,0.2230769230769231,0.15384615384615385,0.12307692307692308,0.046153846153846156,0.24615384615384617,0.25384615384615383,0.17692307692307693
621439,"Buxton, Byron",104,0.38461538461538464,0.6153846153846154,0.2692307692307692,0.25961538461538464,0.08653846153846154,0.5384615384615384,0.3269230769230769,0.1346153846153846,0.2403846153846154,0.125,0.019230769230769232,0.298076923076923,0.20192307692307693,0.11538461538461538
686217,"Frelick, Sal",132,0.5151515151515151,0.48484848484848486,0.17424242424242425,0.21212121212121213,0.09848484848484848,0.3939393939393939,0.36363636363636365,0.24242424242424243,0.25757575757575757,0.19696969696969696,0.06060606060606061,0.13636363636363635,0.16666666666666669,0.18181818181818182
624585,"Soler, Jorge",107,0.4205607476635514,0.5794392523364486,0.205607476635514,0.27102803738317754,0.102803738317757,0.4672897196261682,0.411214953271028,0.12149532710280374,0.2616822429906542,0.14018691588785046,0.018691588785046728,0.20560747663551404,0.2710280373831776,0.102803738317757
680757,"Kwan, Steven",164,0.45121951219512196,0.5487804878048781,0.24390243902439024,0.2926829268292683,0.012195121951219513,0.27439024390243905,0.42073170731707316,0.3048780487804878,0.12804878048780488,0.20121951219512196,0.12195121951219512,0.14634146341463417,0.2195121951219512,0.18292682926829268
663656,"Tucker, Kyle",158,0.2911392405063291,0.7088607594936709,0.37341772151898733,0.25949367088607594,0.0759493670886076,0.4620253164556962,0.31645569620253167,0.22151898734177214,0.17088607594936708,0.0759493670886076,0.04430379746835443,0.2911392405063291,0.24050632911392406,0.17721518987341772
670224,"Misner, Kameron",85,0.4117647058823529,0.5882352941176471,0.25882352941176473,0.27058823529411763,0.058823529411764705,0.3764705882352941,0.3764705882352941,0.24705882352941178,0.2,0.15294117647058825,0.058823529411764705,0.1764705882352941,0.22352941176470587,0.18823529411764706
642133,"Tellez, Rowdy",72,0.3472222222222222,0.6527777777777778,0.3888888888888889,0.18055555555555555,0.08333333333333333,0.3472222222222222,0.3888888888888889,0.2638888888888889,0.1388888888888889,0.1527777777777778,0.05555555555555555,0.20833333333333331,0.2361111111111111,0.20833333333333334
624424,"Conforto, Michael",93,0.45161290322580644,0.5483870967741935,0.3225806451612903,0.1935483870967742,0.03225806451612903,0.3118279569892473,0.43010752688172044,0.25806451612903225,0.20430107526881722,0.20430107526881722,0.043010752688172046,0.1075268817204301,0.22580645161290322,0.2150537634408602
668715,"Steer, Spencer",112,0.42857142857142855,0.5714285714285714,0.21428571428571427,0.25892857142857145,0.09821428571428571,0.4732142857142857,0.32142857142857145,0.20535714285714285,0.23214285714285715,0.15178571428571427,0.044642857142857144,0.24107142857142855,0.16964285714285718,0.1607142857142857
645277,"Albies, Ozzie",156,0.3269230769230769,0.6730769230769231,0.32051282051282054,0.24358974358974358,0.10897435897435898,0.4807692307692308,0.3333333333333333,0.1858974358974359,0.19230769230769232,0.10256410256410256,0.03205128205128205,0.28846153846153844,0.23076923076923075,0.15384615384615385
621043,"Correa, Carlos",120,0.525,0.47500000000000003,0.19166666666666668,0.24166666666666667,0.041666666666666664,0.3333333333333333,0.425,0.24166666666666667,0.18333333333333332,0.25833333333333336,0.08333333333333333,0.15,0.16666666666666663,0.15833333333333333
608348,"Kelly, Carson",76,0.4473684210526316,0.5526315789473684,0.3157894736842105,0.17105263157894737,0.06578947368421052,0.4473684210526316,0.34210526315789475,0.21052631578947367,0.2236842105263158,0.15789473684210525,0.06578947368421052,0.2236842105263158,0.1842105263157895,0.14473684210526316
573262,"Yastrzemski, Mike",109,0.3486238532110092,0.6513761467889909,0.29357798165137616,0.27522935779816515,0.08256880733944955,0.3669724770642202,0.3486238532110092,0.28440366972477066,0.11009174311926606,0.1926605504587156,0.045871559633027525,0.25688073394495414,0.1559633027522936,0.23853211009174313
596115,"Story, Trevor",120,0.475,0.525,0.24166666666666667,0.2,0.08333333333333333,0.2916666666666667,0.48333333333333334,0.225,0.21666666666666667,0.20833333333333334,0.05,0.07500000000000001,0.275,0.175
665833,"Cruz, Oneil",86,0.4069767441860465,0.5930232558139534,0.3023255813953488,0.2441860465116279,0.046511627906976744,0.43023255813953487,0.38372093023255816,0.18604651162790697,0.23255813953488372,0.13953488372093023,0.03488372093023256,0.19767441860465115,0.24418604651162792,0.1511627906976744
683011,"Volpe, Anthony",120,0.43333333333333335,0.5666666666666668,0.2916666666666667,0.225,0.05,0.2916666666666667,0.4,0.30833333333333335,0.18333333333333332,0.2,0.05,0.10833333333333336,0.2,0.25833333333333336
666182,"Bichette, Bo",160,0.45,0.55,0.19375,0.29375,0.0625,0.325,0.3875,0.2875,0.16875,0.19375,0.0875,0.15625,0.19375,0.19999999999999998
571970,"Muncy, Max",99,0.3333333333333333,0.6666666666666667,0.37373737373737376,0.23232323232323232,0.06060606060606061,0.494949494949495,0.3434343434343434,0.16161616161616163,0.23232323232323232,0.09090909090909091,0.010101010101010102,0.26262626262626265,0.2525252525252525,0.15151515151515152
681460,"Baldwin, Brooks",96,0.5208333333333334,0.47916666666666663,0.22916666666666666,0.19791666666666666,0.052083333333333336,0.4479166666666667,0.3333333333333333,0.21875,0.2916666666666667,0.19791666666666666,0.03125,0.15625,0.13541666666666666,0.1875
592885,"Yelich, Christian",114,0.6228070175438597,0.3771929824561403,0.14912280701754385,0.19298245614035087,0.03508771929824561,0.4473684210526316,0.3333333333333333,0.21929824561403508,0.35964912280701755,0.19298245614035087,0.07017543859649122,0.08771929824561403,0.14035087719298245,0.14912280701754385
681393,"Norby, Connor",65,0.4,0.6,0.35384615384615387,0.2153846153846154,0.03076923076923077,0.4,0.36923076923076925,0.23076923076923078,0.18461538461538463,0.18461538461538463,0.03076923076923077,0.2153846153846154,0.18461538461538463,0.2
650489,"Castro, Willi",72,0.3194444444444444,0.6805555555555556,0.2777777777777778,0.2916666666666667,0.1111111111111111,0.4305555555555556,0.3194444444444444,0.25,0.1527777777777778,0.125,0.041666666666666664,0.2777777777777778,0.19444444444444442,0.20833333333333334
663586,"Riley, Austin",138,0.32608695652173914,0.6739130434782608,0.3115942028985507,0.2753623188405797,0.08695652173913043,0.45652173913043476,0.32608695652173914,0.21739130434782608,0.18115942028985507,0.10869565217391304,0.036231884057971016,0.2753623188405797,0.2173913043478261,0.18115942028985507
686681,"Massey, Michael",132,0.3409090909090909,0.6590909090909091,0.30303030303030304,0.2196969696969697,0.13636363636363635,0.4621212121212121,0.3106060606060606,0.22727272727272727,0.24242424242424243,0.08333333333333333,0.015151515151515152,0.21969696969696967,0.2272727272727273,0.2121212121212121
802415,"Simpson, Chandler",82,0.5853658536585366,0.4146341463414634,0.07317073170731707,0.3048780487804878,0.036585365853658534,0.3048780487804878,0.4268292682926829,0.2682926829268293,0.1951219512195122,0.24390243902439024,0.14634146341463414,0.1097560975609756,0.18292682926829268,0.12195121951219515
681351,"O'Hoppe, Logan",88,0.36363636363636365,0.6363636363636364,0.38636363636363635,0.19318181818181818,0.056818181818181816,0.3977272727272727,0.3409090909090909,0.26136363636363635,0.17045454545454544,0.13636363636363635,0.056818181818181816,0.22727272727272727,0.20454545454545453,0.20454545454545453
650490,"Díaz, Yandy",150,0.56,0.44,0.19333333333333333,0.2,0.04666666666666667,0.26666666666666666,0.4066666666666667,0.32666666666666666,0.22,0.24,0.1,0.04666666666666666,0.16666666666666669,0.22666666666666666
687363,"Scott II, Victor",106,0.4056603773584906,0.5943396226415094,0.25471698113207547,0.2830188679245283,0.05660377358490566,0.29245283018867924,0.37735849056603776,0.330188679245283,0.1792452830188679,0.16037735849056603,0.0660377358490566,0.11320754716981132,0.21698113207547173,0.2641509433962264
607208,"Turner, Trea",144,0.4930555555555556,0.5069444444444444,0.24305555555555555,0.22916666666666666,0.034722222222222224,0.3611111111111111,0.4305555555555556,0.20833333333333334,0.20833333333333334,0.22916666666666666,0.05555555555555555,0.15277777777777776,0.20138888888888892,0.1527777777777778
672386,"Kirk, Alejandro",120,0.39166666666666666,0.6083333333333333,0.24166666666666667,0.2916666666666667,0.075,0.3416666666666667,0.31666666666666665,0.3416666666666667,0.16666666666666666,0.15833333333333333,0.06666666666666667,0.17500000000000002,0.15833333333333333,0.275
695578,"Wood, James",127,0.5275590551181102,0.47244094488188976,0.25196850393700787,0.2125984251968504,0.007874015748031496,0.29133858267716534,0.4015748031496063,0.30708661417322836,0.2204724409448819,0.2204724409448819,0.08661417322834646,0.07086614173228345,0.18110236220472442,0.2204724409448819
660271,"Ohtani, Shohei",132,0.4166666666666667,0.5833333333333333,0.32575757575757575,0.23484848484848486,0.022727272727272728,0.5303030303030303,0.2803030303030303,0.1893939393939394,0.30303030303030304,0.08333333333333333,0.030303030303030304,0.22727272727272724,0.19696969696969696,0.1590909090909091
678882,"Rafaela, Ceddanne",119,0.48739495798319327,0.5126050420168067,0.24369747899159663,0.23529411764705882,0.03361344537815126,0.3697478991596639,0.37815126050420167,0.25210084033613445,0.2689075630252101,0.15966386554621848,0.058823529411764705,0.10084033613445381,0.2184873949579832,0.19327731092436973
571448,"Arenado, Nolan",146,0.3767123287671233,0.6232876712328768,0.2534246575342466,0.2328767123287671,0.136986301369863,0.4383561643835616,0.363013698630137,0.19863013698630136,0.1780821917808219,0.136986301369863,0.06164383561643835,0.2602739726027397,0.226027397260274,0.136986301369863
649966,"Urías, Luis",87,0.41379310344827586,0.5862068965517242,0.2988505747126437,0.22988505747126436,0.05747126436781609,0.367816091954023,0.42528735632183906,0.20689655172413793,0.1839080459770115,0.1724137931034483,0.05747126436781609,0.1839080459770115,0.2528735632183908,0.14942528735632182
671218,"Ramos, Heliot",133,0.49624060150375937,0.5037593984962405,0.23308270676691728,0.21804511278195488,0.05263157894736842,0.3458646616541353,0.43609022556390975,0.21804511278195488,0.20300751879699247,0.2631578947368421,0.03007518796992481,0.14285714285714285,0.17293233082706766,0.18796992481203006
690993,"Keith, Colt",85,0.4588235294117647,0.5411764705882353,0.27058823529411763,0.23529411764705882,0.03529411764705882,0.32941176470588235,0.3764705882352941,0.29411764705882354,0.21176470588235294,0.17647058823529413,0.07058823529411765,0.11764705882352941,0.19999999999999998,0.2235294117647059
671732,"Butler, Lawrence",127,0.4094488188976378,0.5905511811023623,0.2992125984251969,0.23622047244094488,0.05511811023622047,0.3543307086614173,0.3779527559055118,0.2677165354330709,0.2440944881889764,0.14173228346456693,0.023622047244094488,0.11023622047244092,0.23622047244094488,0.2440944881889764
656976,"Smith, Pavin",74,0.5135135135135135,0.4864864864864865,0.24324324324324326,0.22972972972972974,0.013513513513513514,0.43243243243243246,0.2972972972972973,0.2702702702702703,0.2702702702702703,0.1891891891891892,0.05405405405405406,0.16216216216216217,0.10810810810810811,0.21621621621621623
593871,"Polanco, Jorge",102,0.4019607843137255,0.5980392156862745,0.2647058823529412,0.2647058823529412,0.06862745098039216,0.5,0.3333333333333333,0.16666666666666666,0.24509803921568626,0.11764705882352941,0.0392156862745098,0.2549019607843137,0.2156862745098039,0.12745098039215685
663624,"Mountcastle, Ryan",116,0.43103448275862066,0.5689655172413793,0.25,0.28448275862068967,0.034482758620689655,0.47413793103448276,0.29310344827586204,0.23275862068965517,0.2672413793103448,0.12931034482758622,0.034482758620689655,0.20689655172413796,0.16379310344827583,0.19827586206896552
663728,"Raleigh, Cal",112,0.2767857142857143,0.7232142857142857,0.35714285714285715,0.24107142857142858,0.125,0.5357142857142857,0.3125,0.15178571428571427,0.16964285714285715,0.08035714285714286,0.026785714285714284,0.36607142857142855,0.23214285714285715,0.12499999999999999
810938,"Williamson, Ben",74,0.4864864864864865,0.5135135135135135,0.2972972972972973,0.20270270270270271,0.013513513513513514,0.28378378378378377,0.3108108108108108,0.40540540540540543,0.1891891891891892,0.1891891891891892,0.10810810810810811,0.09459459459459457,0.1216216216216216,0.2972972972972973
592626,"Pederson, Joc",89,0.449438202247191,0.550561797752809,0.25842696629213485,0.1797752808988764,0.11235955056179775,0.42696629213483145,0.3146067415730337,0.25842696629213485,0.2696629213483146,0.11235955056179775,0.06741573033707865,0.15730337078651685,0.20224719101123595,0.1910112359550562
669221,"Murphy, Sean",62,0.43548387096774194,0.564516129032258,0.3225806451612903,0.24193548387096775,0,0.4838709677419355,0.2903225806451613,0.22580645161290322,0.22580645161290322,0.12903225806451613,0.08064516129032258,0.25806451612903225,0.16129032258064518,0.14516129032258063
676572,"Wagaman, Eric",120,0.425,0.575,0.25,0.26666666666666666,0.058333333333333334,0.35,0.425,0.225,0.2,0.175,0.05,0.14999999999999997,0.25,0.175
660821,"Sánchez, Jesús",74,0.5135135135135135,0.4864864864864865,0.1891891891891892,0.21621621621621623,0.08108108108108109,0.35135135135135137,0.3783783783783784,0.2702702702702703,0.25675675675675674,0.20270270270270271,0.05405405405405406,0.09459459459459463,0.17567567567567569,0.21621621621621623
680977,"Donovan, Brendan",157,0.4267515923566879,0.5732484076433121,0.1910828025477707,0.33121019108280253,0.050955414012738856,0.3184713375796178,0.4140127388535032,0.267515923566879,0.16560509554140126,0.21656050955414013,0.044585987261146494,0.15286624203821655,0.19745222929936307,0.2229299363057325
650859,"Rengifo, Luis",118,0.576271186440678,0.423728813559322,0.15254237288135594,0.2288135593220339,0.0423728813559322,0.3220338983050847,0.423728813559322,0.2542372881355932,0.211864406779661,0.2796610169491525,0.0847457627118644,0.11016949152542371,0.1440677966101695,0.1694915254237288
686611,"Crews, Dylan",109,0.48623853211009177,0.5137614678899083,0.24770642201834864,0.21100917431192662,0.05504587155963303,0.3486238532110092,0.3853211009174312,0.26605504587155965,0.24770642201834864,0.1926605504587156,0.045871559633027525,0.10091743119266056,0.1926605504587156,0.22018348623853212
664034,"France, Ty",139,0.48201438848920863,0.5179856115107914,0.2805755395683453,0.22302158273381295,0.014388489208633094,0.30935251798561153,0.4244604316546763,0.26618705035971224,0.17266187050359713,0.2446043165467626,0.06474820143884892,0.1366906474820144,0.1798561151079137,0.20143884892086333
592450,"Judge, Aaron",131,0.3816793893129771,0.6183206106870229,0.3282442748091603,0.2595419847328244,0.030534351145038167,0.4122137404580153,0.33587786259541985,0.25190839694656486,0.26717557251908397,0.09923664122137404,0.015267175572519083,0.14503816793893132,0.2366412213740458,0.23664122137404578
663757,"Grisham, Trent",93,0.3118279569892473,0.6881720430107527,0.41935483870967744,0.1935483870967742,0.07526881720430108,0.41935483870967744,0.3225806451612903,0.25806451612903225,0.1935483870967742,0.0967741935483871,0.021505376344086023,0.22580645161290325,0.22580645161290322,0.23655913978494622
677347,"Paris, Kyren",62,0.3870967741935484,0.6129032258064515,0.3870967741935484,0.1774193548387097,0.04838709677419355,0.46774193548387094,0.20967741935483872,0.3225806451612903,0.25806451612903225,0.03225806451612903,0.0967741935483871,0.2096774193548387,0.1774193548387097,0.22580645161290322
682829,"De La Cruz, Elly",128,0.5859375,0.4140625,0.2421875,0.140625,0.03125,0.3984375,0.359375,0.2421875,0.3203125,0.203125,0.0625,0.078125,0.15625,0.1796875
664761,"Bohm, Alec",136,0.47794117647058826,0.5220588235294118,0.21323529411764705,0.2867647058823529,0.022058823529411766,0.21323529411764705,0.47794117647058826,0.3088235294117647,0.15441176470588236,0.25735294117647056,0.0661764705882353,0.05882352941176469,0.2205882352941177,0.24264705882352944
607043,"Nimmo, Brandon",137,0.44525547445255476,0.5547445255474452,0.26277372262773724,0.21897810218978103,0.072992700729927,0.3284671532846715,0.35766423357664234,0.31386861313868614,0.2116788321167883,0.15328467153284672,0.08029197080291971,0.11678832116788321,0.20437956204379562,0.23357664233576642
656811,"O'Hearn, Ryan",99,0.5050505050505051,0.494949494949495,0.24242424242424243,0.21212121212121213,0.04040404040404041,0.45454545454545453,0.35353535353535354,0.1919191919191919,0.2727272727272727,0.1717171717171717,0.06060606060606061,0.18181818181818182,0.18181818181818182,0.1313131313131313
621438,"Taylor, Tyrone",93,0.3655913978494624,0.6344086021505376,0.1827956989247312,0.27956989247311825,0.17204301075268819,0.41935483870967744,0.3333333333333333,0.24731182795698925,0.20430107526881722,0.13978494623655913,0.021505376344086023,0.21505376344086022,0.1935483870967742,0.22580645161290322
687597,"Beck, Jordan",84,0.35714285714285715,0.6428571428571429,0.30952380952380953,0.27380952380952384,0.05952380952380952,0.4880952380952381,0.27380952380952384,0.23809523809523808,0.23809523809523808,0.08333333333333333,0.03571428571428571,0.25,0.19047619047619052,0.20238095238095238
592663,"Realmuto, J.T.",101,0.44554455445544555,0.5544554455445545,0.2376237623762376,0.25742574257425743,0.0594059405940594,0.45544554455445546,0.33663366336633666,0.2079207920792079,0.27722772277227725,0.15841584158415842,0.009900990099009901,0.1782178217821782,0.17821782178217824,0.198019801980198
621493,"Ward, Taylor",125,0.352,0.648,0.376,0.168,0.104,0.384,0.32,0.296,0.216,0.112,0.024,0.168,0.20800000000000002,0.27199999999999996
647304,"Naylor, Josh",150,0.48,0.52,0.24,0.24,0.04,0.41333333333333333,0.38,0.20666666666666667,0.22666666666666666,0.19333333333333333,0.06,0.18666666666666668,0.18666666666666668,0.14666666666666667
608369,"Seager, Corey",82,0.4146341463414634,0.5853658536585366,0.35365853658536583,0.2073170731707317,0.024390243902439025,0.32926829268292684,0.4024390243902439,0.2682926829268293,0.2073170731707317,0.18292682926829268,0.024390243902439025,0.12195121951219515,0.21951219512195125,0.24390243902439027
701358,"Smith, Cam",71,0.5070422535211268,0.49295774647887325,0.22535211267605634,0.2535211267605634,0.014084507042253521,0.36619718309859156,0.3380281690140845,0.29577464788732394,0.28169014084507044,0.14084507042253522,0.08450704225352113,0.08450704225352113,0.19718309859154928,0.2112676056338028
624413,"Alonso, Pete",131,0.3969465648854962,0.6030534351145037,0.2900763358778626,0.26717557251908397,0.04580152671755725,0.4732824427480916,0.2824427480916031,0.24427480916030533,0.22900763358778625,0.12213740458015267,0.04580152671755725,0.24427480916030536,0.16030534351145043,0.1984732824427481
686780,"Pagés, Pedro",85,0.4,0.6,0.3058823529411765,0.2,0.09411764705882353,0.3411764705882353,0.3058823529411765,0.35294117647058826,0.16470588235294117,0.11764705882352941,0.11764705882352941,0.17647058823529413,0.18823529411764708,0.23529411764705885
575929,"Contreras, Willson",126,0.49206349206349204,0.5079365079365079,0.18253968253968253,0.29365079365079366,0.031746031746031744,0.3888888888888889,0.36507936507936506,0.24603174603174602,0.23809523809523808,0.1984126984126984,0.05555555555555555,0.1507936507936508,0.16666666666666666,0.19047619047619047
669257,"Smith, Will",93,0.2903225806451613,0.7096774193548387,0.3978494623655914,0.24731182795698925,0.06451612903225806,0.27956989247311825,0.3655913978494624,0.3548387096774194,0.10752688172043011,0.11827956989247312,0.06451612903225806,0.17204301075268813,0.24731182795698925,0.2903225806451613
666310,"Naylor, Bo",78,0.28205128205128205,0.717948717948718,0.358974358974359,0.19230769230769232,0.16666666666666666,0.44871794871794873,0.3333333333333333,0.21794871794871795,0.21794871794871795,0.02564102564102564,0.038461538461538464,0.23076923076923078,0.30769230769230765,0.1794871794871795
682928,"Abrams, CJ",112,0.35714285714285715,0.6428571428571428,0.2767857142857143,0.29464285714285715,0.07142857142857142,0.44642857142857145,0.30357142857142855,0.25,0.1875,0.125,0.044642857142857144,0.25892857142857145,0.17857142857142855,0.20535714285714285
686797,"Lee, Brooks",95,0.3684210526315789,0.631578947368421,0.3263157894736842,0.21052631578947367,0.09473684210526316,0.4421052631578947,0.30526315789473685,0.25263157894736843,0.23157894736842105,0.09473684210526316,0.042105263157894736,0.21052631578947367,0.21052631578947367,0.2105263157894737
664774,"Wade Jr., LaMonte",92,0.2826086956521739,0.717391304347826,0.3695652173913043,0.25,0.09782608695652174,0.3695652173913043,0.3695652173913043,0.2608695652173913,0.14130434782608695,0.08695652173913043,0.05434782608695652,0.22826086956521738,0.2826086956521739,0.20652173913043478
677594,"Rodríguez, Julio",142,0.5,0.5,0.2535211267605634,0.176056338028169,0.07042253521126761,0.4154929577464789,0.352112676056338,0.2323943661971831,0.28169014084507044,0.1619718309859155,0.056338028169014086,0.13380281690140844,0.1901408450704225,0.176056338028169