"last_name, first_name","player_id","year","pa","bip","ba","est_ba","est_ba_minus_ba_diff","slg","est_slg","est_slg_minus_slg_diff","woba","est_woba","est_woba_minus_woba_diff"
"Duran, Jarren","680776","2025","263","185",0.277,0.278,-0.0010000000000000009,0.43,0.424,0.006000000000000005,0.331,0.335,-0.0040000000000000036
"Devers, Rafael","646240","2025","259","155",0.286,0.288,-0.0020000000000000018,0.526,0.554,-0.028000000000000025,0.4,0.412,-0.011999999999999955
"Tucker, Kyle","663656","2025","254","185",0.285,0.31,-0.025000000000000022,0.533,0.583,-0.04999999999999993,0.392,0.415,-0.022999999999999965
"Carroll, Corbin","682998","2025","252","163",0.259,0.276,-0.017000000000000015,0.561,0.593,-0.03199999999999992,0.38,0.396,-0.016000000000000014
"Lindor, Francisco","596019","2025","250","181",0.275,0.267,0.008000000000000007,0.459,0.457,0.0020000000000000018,0.35,0.347,0.0030000000000000027
"Ohtani, Shohei","660271","2025","250","153",0.296,0.325,-0.029000000000000026,0.657,0.749,-0.09199999999999997,0.438,0.477,-0.03899999999999998
"Bichette, Bo","666182","2025","248","190",0.27,0.307,-0.03699999999999998,0.391,0.483,-0.09199999999999997,0.313,0.362,-0.04899999999999999
"Chourio, Jackson","694192","2025","247","183",0.246,0.247,-0.0010000000000000009,0.424,0.399,0.024999999999999967,0.303,0.292,0.01100000000000001
"Nootbaar, Lars","663457","2025","246","167",0.249,0.272,-0.02300000000000002,0.411,0.47,-0.059,0.339,0.365,-0.025999999999999968
"De La Cruz, Elly","682829","2025","245","150",0.256,0.247,0.009000000000000008,0.443,0.461,-0.018000000000000016,0.336,0.336,0
"Witt Jr., Bobby","677951","2025","245","178",0.289,0.302,-0.013000000000000012,0.477,0.494,-0.017000000000000015,0.352,0.373,-0.02100000000000002
"Judge, Aaron","592450","2025","244","153",0.395,0.338,0.056999999999999995,0.746,0.722,0.02400000000000002,0.512,0.473,0.039000000000000035
"Rooker, Brent","667670","2025","242","162",0.25,0.286,-0.035999999999999976,0.459,0.546,-0.08700000000000002,0.34,0.383,-0.04299999999999998
"Soto, Juan","665742","2025","242","160",0.228,0.297,-0.06899999999999998,0.401,0.577,-0.17599999999999993,0.334,0.424,-0.08999999999999997
"Alonso, Pete","624413","2025","241","154",0.291,0.301,-0.010000000000000009,0.542,0.625,-0.08299999999999996,0.4,0.427,-0.02699999999999997
"Adames, Willy","642715","2025","240","153",0.21,0.211,-0.0010000000000000009,0.336,0.388,-0.05199999999999999,0.28,0.298,-0.01799999999999996
"Schwarber, Kyle","656941","2025","240","140",0.253,0.281,-0.028000000000000025,0.567,0.624,-0.05700000000000005,0.413,0.438,-0.025000000000000022
"Harper, Bryce","547180","2025","240","162",0.267,0.293,-0.025999999999999968,0.45,0.518,-0.068,0.362,0.394,-0.03200000000000003
"Guerrero Jr., Vladimir","665489","2025","238","165",0.274,0.312,-0.03799999999999998,0.418,0.512,-0.09400000000000003,0.352,0.399,-0.04700000000000004
"Wood, James","695578","2025","237","142",0.283,0.272,0.010999999999999954,0.551,0.574,-0.02299999999999991,0.399,0.397,0.0020000000000000018
"Rodríguez, Julio","677594","2025","236","169",0.244,0.278,-0.03400000000000003,0.432,0.501,-0.069,0.329,0.364,-0.034999999999999976
"Reynolds, Bryan","668804","2025","236","151",0.223,0.263,-0.04000000000000001,0.36,0.502,-0.14200000000000002,0.289,0.356,-0.067
"Riley, Austin","663586","2025","235","151",0.272,0.262,0.010000000000000009,0.424,0.479,-0.05499999999999999,0.331,0.342,-0.01100000000000001
"Soderstrom, Tyler","691016","2025","235","153",0.264,0.284,-0.019999999999999962,0.453,0.518,-0.065,0.343,0.37,-0.02699999999999997
"Crow-Armstrong, Pete","691718","2025","234","167",0.274,0.266,0.008000000000000007,0.553,0.524,0.029000000000000026,0.364,0.347,0.017000000000000015
"Swanson, Dansby","621020","2025","234","155",0.251,0.274,-0.02300000000000002,0.45,0.513,-0.063,0.331,0.361,-0.02999999999999997
"Turner, Trea","607208","2025","234","172",0.305,0.265,0.03999999999999998,0.437,0.393,0.043999999999999984,0.353,0.316,0.03699999999999998
"Perdomo, Geraldo","672695","2025","233","173",0.296,0.26,0.035999999999999976,0.46,0.391,0.069,0.374,0.339,0.034999999999999976
"Friedl, TJ","670770","2025","232","168",0.299,0.261,0.03799999999999998,0.413,0.333,0.07999999999999996,0.354,0.309,0.044999999999999984
"Paredes, Isaac","670623","2025","232","165",0.27,0.258,0.01200000000000001,0.48,0.404,0.07599999999999996,0.375,0.34,0.034999999999999976
"Pasquantino, Vinnie","686469","2025","232","176",0.255,0.271,-0.016000000000000014,0.403,0.47,-0.06699999999999995,0.307,0.337,-0.030000000000000027
"Torkelson, Spencer","679529","2025","231","139",0.238,0.242,-0.0040000000000000036,0.513,0.537,-0.02400000000000002,0.369,0.378,-0.009000000000000008
"Kwan, Steven","680757","2025","231","189",0.314,0.304,0.010000000000000009,0.429,0.41,0.019000000000000017,0.357,0.342,0.014999999999999958
"Raleigh, Cal","663728","2025","231","132",0.258,0.251,0.007000000000000006,0.603,0.578,0.025000000000000022,0.413,0.398,0.014999999999999958
"Olson, Matt","621566","2025","230","143",0.234,0.251,-0.016999999999999987,0.462,0.544,-0.08200000000000002,0.349,0.383,-0.03400000000000003
"Suzuki, Seiya","673548","2025","230","148",0.272,0.281,-0.009000000000000008,0.568,0.539,0.028999999999999915,0.381,0.373,0.008000000000000007
"Peña, Jeremy","665161","2025","230","174",0.298,0.285,0.013000000000000012,0.449,0.417,0.03200000000000003,0.356,0.34,0.01599999999999996
"Betts, Mookie","605141","2025","230","182",0.257,0.276,-0.019000000000000017,0.411,0.43,-0.019000000000000017,0.333,0.344,-0.010999999999999954
"Naylor, Josh","647304","2025","229","180",0.291,0.285,0.006000000000000005,0.451,0.445,0.006000000000000005,0.35,0.345,0.0050000000000000044
"Albies, Ozzie","645277","2025","228","174",0.24,0.248,-0.008000000000000007,0.351,0.381,-0.030000000000000027,0.293,0.305,-0.01200000000000001
"Lee, Jung Hoo","808982","2025","228","185",0.281,0.302,-0.020999999999999963,0.452,0.433,0.019000000000000017,0.34,0.343,-0.0030000000000000027
"Turang, Brice","668930","2025","227","154",0.274,0.277,-0.0030000000000000027,0.358,0.426,-0.068,0.317,0.347,-0.02999999999999997
"Ramos, Heliot","671218","2025","227","153",0.281,0.258,0.02300000000000002,0.468,0.475,-0.006999999999999951,0.353,0.343,0.009999999999999953
"Chapman, Matt","656305","2025","227","135",0.214,0.246,-0.032,0.391,0.467,-0.07600000000000001,0.327,0.362,-0.034999999999999976
"Tatis Jr., Fernando","665487","2025","227","162",0.278,0.289,-0.010999999999999954,0.512,0.552,-0.040000000000000036,0.368,0.387,-0.019000000000000017
"Suárez, Eugenio","553993","2025","226","146",0.228,0.246,-0.017999999999999988,0.508,0.541,-0.03300000000000003,0.353,0.373,-0.020000000000000018
"Lowe, Nathaniel","663993","2025","226","145",0.224,0.246,-0.021999999999999992,0.385,0.403,-0.018000000000000016,0.3,0.316,-0.016000000000000014
"Yelich, Christian","592885","2025","226","141",0.21,0.237,-0.026999999999999996,0.385,0.391,-0.006000000000000005,0.3,0.311,-0.01100000000000001
"Bregman, Alex","608324","2025","226","156",0.299,0.255,0.043999999999999984,0.553,0.484,0.06900000000000006,0.405,0.359,0.04600000000000004
"Greene, Riley","682985","2025","226","141",0.279,0.261,0.018000000000000016,0.51,0.511,-0.0010000000000000009,0.366,0.353,0.013000000000000012
"Ward, Taylor","621493","2025","226","149",0.222,0.246,-0.023999999999999994,0.502,0.52,-0.018000000000000016,0.326,0.34,-0.014000000000000012
"Castellanos, Nick","592206","2025","226","171",0.275,0.267,0.008000000000000007,0.396,0.429,-0.032999999999999974,0.314,0.323,-0.009000000000000008
"Donovan, Brendan","680977","2025","224","179",0.328,0.326,0.0020000000000000018,0.463,0.508,-0.044999999999999984,0.375,0.39,-0.015000000000000013
"Volpe, Anthony","683011","2025","224","142",0.245,0.244,0.0010000000000000009,0.439,0.431,0.008000000000000007,0.334,0.331,0.0030000000000000027
"Altuve, Jose","514888","2025","224","171",0.272,0.239,0.03300000000000003,0.417,0.371,0.045999999999999985,0.322,0.288,0.03400000000000003
"Butler, Lawrence","671732","2025","223","152",0.252,0.237,0.015000000000000013,0.451,0.428,0.02300000000000002,0.332,0.314,0.018000000000000016
"Arozarena, Randy","668227","2025","223","121",0.228,0.24,-0.011999999999999983,0.397,0.426,-0.02899999999999997,0.345,0.356,-0.01100000000000001
"Garcia, Maikel","672580","2025","222","165",0.308,0.286,0.02200000000000002,0.465,0.443,0.02200000000000002,0.366,0.346,0.020000000000000018
"Walker, Christian","572233","2025","222","145",0.213,0.248,-0.035,0.366,0.43,-0.064,0.284,0.32,-0.03600000000000003
"Happ, Ian","664023","2025","221","146",0.257,0.273,-0.016000000000000014,0.356,0.418,-0.062,0.319,0.348,-0.02899999999999997
"Contreras, William","661388","2025","220","143",0.238,0.236,0.0020000000000000018,0.351,0.373,-0.02200000000000002,0.318,0.324,-0.006000000000000005
"Semien, Marcus","543760","2025","220","149",0.176,0.231,-0.05500000000000002,0.228,0.378,-0.15,0.232,0.312,-0.07999999999999999
"Machado, Manny","592518","2025","220","161",0.316,0.33,-0.014000000000000012,0.49,0.569,-0.07899999999999996,0.382,0.412,-0.02999999999999997
"Story, Trevor","596115","2025","220","141",0.217,0.234,-0.017000000000000015,0.319,0.385,-0.066,0.261,0.29,-0.02899999999999997
"Ramírez, José","608070","2025","219","177",0.311,0.301,0.010000000000000009,0.52,0.475,0.04500000000000004,0.377,0.357,0.020000000000000018
"Goldschmidt, Paul","502671","2025","219","165",0.343,0.305,0.038000000000000034,0.49,0.505,-0.015000000000000013,0.386,0.37,0.016000000000000014
"Wilson, Jacob","805779","2025","219","194",0.348,0.313,0.034999999999999976,0.49,0.402,0.08799999999999997,0.385,0.333,0.05199999999999999
"Hoerner, Nico","663538","2025","219","187",0.292,0.291,0.0010000000000000009,0.371,0.379,-0.008000000000000007,0.315,0.314,0.0010000000000000009
"Ozuna, Marcell","542303","2025","219","125",0.279,0.281,-0.0020000000000000018,0.471,0.511,-0.040000000000000036,0.396,0.406,-0.010000000000000009
"Harris II, Michael","671739","2025","218","169",0.223,0.271,-0.048000000000000015,0.332,0.397,-0.065,0.255,0.305,-0.04999999999999999
"Gurriel Jr., Lourdes","666971","2025","218","177",0.245,0.265,-0.020000000000000018,0.435,0.446,-0.01100000000000001,0.31,0.322,-0.01200000000000001
"Díaz, Yandy","650490","2025","218","172",0.238,0.288,-0.04999999999999999,0.391,0.475,-0.08399999999999996,0.296,0.349,-0.05299999999999999
"McMahon, Ryan","641857","2025","218","120",0.207,0.23,-0.02300000000000002,0.353,0.434,-0.08100000000000002,0.307,0.342,-0.03500000000000003
"Contreras, Willson","575929","2025","218","142",0.244,0.269,-0.025000000000000022,0.383,0.483,-0.09999999999999998,0.314,0.358,-0.043999999999999984
"Larnach, Trevor","663616","2025","217","148",0.242,0.254,-0.01200000000000001,0.397,0.4,-0.0030000000000000027,0.314,0.318,-0.0040000000000000036
"Perez, Salvador","521692","2025","216","156",0.227,0.293,-0.06599999999999998,0.355,0.524,-0.16900000000000004,0.273,0.363,-0.08999999999999997
"Vargas, Miguel","678246","2025","215","156",0.244,0.251,-0.007000000000000006,0.44,0.434,0.006000000000000005,0.332,0.329,0.0030000000000000027
"Goodman, Hunter","696100","2025","215","147",0.276,0.244,0.03200000000000003,0.447,0.418,0.029000000000000026,0.338,0.31,0.028000000000000025
"Arenado, Nolan","571448","2025","214","169",0.238,0.244,-0.006000000000000005,0.394,0.38,0.014000000000000012,0.306,0.302,0.0040000000000000036
"India, Jonathan","663697","2025","213","155",0.232,0.262,-0.03,0.303,0.384,-0.08100000000000002,0.292,0.332,-0.040000000000000036
"Crawford, J.P.","641487","2025","213","134",0.261,0.255,0.006000000000000005,0.358,0.385,-0.027000000000000024,0.341,0.344,-0.002999999999999947
"Hayes, Ke'Bryan","663647","2025","212","157",0.226,0.244,-0.017999999999999988,0.282,0.361,-0.07900000000000001,0.259,0.293,-0.033999999999999975
"Bohm, Alec","664761","2025","212","165",0.273,0.284,-0.010999999999999954,0.384,0.429,-0.044999999999999984,0.307,0.334,-0.027000000000000024
"García, Adolis","666969","2025","212","143",0.211,0.234,-0.02300000000000002,0.376,0.442,-0.066,0.278,0.317,-0.03899999999999998
"Flores, Wilmer","527038","2025","212","154",0.259,0.25,0.009000000000000008,0.435,0.382,0.05299999999999999,0.336,0.308,0.028000000000000025
"Bogaerts, Xander","593428","2025","211","144",0.243,0.261,-0.018000000000000016,0.343,0.382,-0.03899999999999998,0.299,0.323,-0.02400000000000002
"Schanuel, Nolan","694384","2025","210","154",0.279,0.285,-0.00599999999999995,0.391,0.41,-0.01899999999999996,0.34,0.346,-0.00599999999999995
"Stowers, Kyle","669065","2025","209","129",0.299,0.285,0.014000000000000012,0.522,0.554,-0.03200000000000003,0.385,0.39,-0.0050000000000000044
"Bellinger, Cody","641355","2025","209","151",0.262,0.254,0.008000000000000007,0.464,0.464,0,0.341,0.342,-0.0010000000000000009
"France, Ty","664034","2025","209","160",0.253,0.272,-0.019000000000000017,0.358,0.471,-0.11299999999999999,0.303,0.351,-0.04799999999999999
"Santana, Carlos","467793","2025","207","140",0.243,0.221,0.021999999999999992,0.376,0.372,0.0040000000000000036,0.327,0.316,0.01100000000000001
"Pages, Andy","681624","2025","207","150",0.271,0.264,0.007000000000000006,0.453,0.443,0.010000000000000009,0.337,0.329,0.008000000000000007
"Abreu, Wilyer","677800","2025","207","143",0.255,0.278,-0.02300000000000002,0.495,0.56,-0.06500000000000006,0.357,0.385,-0.028000000000000025
"Soler, Jorge","624585","2025","206","126",0.217,0.218,-0.0010000000000000009,0.386,0.396,-0.010000000000000009,0.298,0.302,-0.0040000000000000036
"Nimmo, Brandon","607043","2025","206","151",0.218,0.262,-0.04400000000000001,0.399,0.459,-0.06,0.294,0.333,-0.039000000000000035
"Henderson, Gunnar","683002","2025","206","131",0.261,0.263,-0.0020000000000000018,0.447,0.412,0.03500000000000003,0.337,0.322,0.015000000000000013
"Arraez, Luis","650333","2025","205","190",0.289,0.274,0.014999999999999958,0.416,0.34,0.07599999999999996,0.322,0.283,0.039000000000000035
"Cruz, Oneil","665833","2025","205","105",0.231,0.253,-0.021999999999999992,0.479,0.531,-0.052000000000000046,0.36,0.394,-0.03400000000000003
"Caminero, Junior","691406","2025","205","156",0.244,0.263,-0.019000000000000017,0.435,0.441,-0.006000000000000005,0.305,0.318,-0.013000000000000012
"Robert Jr., Luis","673357","2025","205","121",0.19,0.24,-0.04999999999999999,0.307,0.417,-0.10999999999999999,0.263,0.32,-0.056999999999999995
"Frelick, Sal","686217","2025","204","159",0.28,0.271,0.009000000000000008,0.39,0.363,0.027000000000000024,0.332,0.316,0.016000000000000014
"Lowe, Brandon","664040","2025","204","138",0.249,0.278,-0.029000000000000026,0.434,0.514,-0.08000000000000002,0.321,0.358,-0.03699999999999998
"Hoskins, Rhys","656555","2025","203","123",0.282,0.255,0.02699999999999997,0.459,0.439,0.020000000000000018,0.368,0.35,0.018000000000000016
"Mullins, Cedric","656775","2025","203","128",0.226,0.218,0.008000000000000007,0.446,0.379,0.067,0.337,0.309,0.028000000000000025
"Muncy, Max","571970","2025","202","119",0.212,0.223,-0.01100000000000001,0.345,0.431,-0.08600000000000002,0.31,0.342,-0.03200000000000003
"Campbell, Kristian","692225","2025","202","124",0.225,0.234,-0.009000000000000008,0.354,0.369,-0.015000000000000013,0.3,0.306,-0.006000000000000005
"Santander, Anthony","623993","2025","201","127",0.185,0.203,-0.018000000000000016,0.315,0.33,-0.015000000000000013,0.265,0.278,-0.013000000000000012
"Stott, Bryson","681082","2025","201","146",0.26,0.257,0.0030000000000000027,0.376,0.395,-0.019000000000000017,0.312,0.315,-0.0030000000000000027
"Rutschman, Adley","668939","2025","200","143",0.211,0.268,-0.05700000000000002,0.349,0.469,-0.12,0.298,0.361,-0.063
"Steer, Spencer","668715","2025","200","132",0.22,0.229,-0.009000000000000008,0.335,0.342,-0.007000000000000006,0.282,0.285,-0.0030000000000000027
"Toglia, Michael","669911","2025","200","103",0.196,0.207,-0.010999999999999982,0.358,0.364,-0.006000000000000005,0.274,0.28,-0.006000000000000005
"Yastrzemski, Mike","573262","2025","198","129",0.257,0.249,0.008000000000000007,0.409,0.416,-0.007000000000000006,0.34,0.336,0.0040000000000000036
"Wagaman, Eric","676572","2025","198","149",0.246,0.283,-0.03699999999999998,0.377,0.469,-0.09199999999999997,0.298,0.346,-0.04799999999999999
"Carpenter, Kerry","681481","2025","197","148",0.276,0.272,0.0040000000000000036,0.492,0.549,-0.05700000000000005,0.346,0.364,-0.018000000000000016
"Busch, Michael","683737","2025","197","122",0.251,0.255,-0.0040000000000000036,0.45,0.515,-0.065,0.354,0.374,-0.020000000000000018
"Langeliers, Shea","669127","2025","197","146",0.237,0.272,-0.03500000000000003,0.424,0.449,-0.025000000000000022,0.317,0.341,-0.02400000000000002
"Langford, Wyatt","694671","2025","195","127",0.246,0.258,-0.01200000000000001,0.462,0.513,-0.05099999999999999,0.343,0.367,-0.023999999999999966
"McLain, Matt","680574","2025","195","109",0.183,0.215,-0.032,0.314,0.392,-0.07800000000000001,0.273,0.313,-0.03999999999999998
"Vientos, Mark","668901","2025","195","134",0.236,0.235,0.0010000000000000009,0.374,0.373,0.0010000000000000009,0.303,0.3,0.0030000000000000027
"Manzardo, Kyle","700932","2025","195","119",0.212,0.21,0.0020000000000000018,0.447,0.455,-0.008000000000000007,0.321,0.322,-0.0010000000000000009
"Massey, Michael","686681","2025","194","160",0.212,0.23,-0.018000000000000016,0.272,0.322,-0.04999999999999999,0.22,0.248,-0.027999999999999997
"McKinstry, Zach","656716","2025","194","121",0.269,0.257,0.01200000000000001,0.413,0.37,0.04299999999999998,0.34,0.322,0.018000000000000016
"Edwards, Xavier","669364","2025","194","140",0.263,0.243,0.020000000000000018,0.292,0.293,-0.0010000000000000009,0.287,0.279,0.007999999999999952
"Sweeney, Trey","700242","2025","193","133",0.236,0.226,0.009999999999999981,0.333,0.344,-0.010999999999999954,0.281,0.28,0.0010000000000000009
"Vaughn, Andrew","683734","2025","193","143",0.189,0.258,-0.069,0.314,0.461,-0.14700000000000002,0.233,0.321,-0.088
"Mountcastle, Ryan","663624","2025","192","137",0.235,0.26,-0.025000000000000022,0.335,0.428,-0.09299999999999997,0.267,0.311,-0.043999999999999984
"Doyle, Brenton","686668","2025","190","129",0.214,0.252,-0.038000000000000006,0.353,0.45,-0.09700000000000003,0.281,0.331,-0.04999999999999999
"Holliday, Jackson","702616","2025","190","134",0.266,0.268,-0.0020000000000000018,0.418,0.461,-0.04300000000000004,0.324,0.336,-0.01200000000000001
"Arias, Gabriel","672356","2025","190","120",0.24,0.217,0.022999999999999993,0.368,0.386,-0.018000000000000016,0.298,0.297,0.0010000000000000009
"Bleday, JJ","668709","2025","189","127",0.204,0.208,-0.0040000000000000036,0.365,0.328,0.03699999999999998,0.291,0.281,0.009999999999999953
"Ruiz, Keibert","660688","2025","189","159",0.275,0.297,-0.021999999999999964,0.36,0.377,-0.017000000000000015,0.303,0.315,-0.01200000000000001
"Springer, George","543807","2025","189","112",0.25,0.262,-0.01200000000000001,0.436,0.518,-0.08200000000000002,0.356,0.385,-0.029000000000000026
"Realmuto, J.T.","592663","2025","189","122",0.228,0.253,-0.024999999999999994,0.374,0.428,-0.05399999999999999,0.299,0.326,-0.027000000000000024
"Conforto, Michael","624424","2025","189","103",0.172,0.221,-0.049000000000000016,0.287,0.382,-0.09500000000000003,0.283,0.332,-0.049000000000000044
"Scott II, Victor","687363","2025","189","121",0.268,0.245,0.02300000000000002,0.366,0.331,0.034999999999999976,0.319,0.297,0.02200000000000002
"Freeman, Freddie","518692","2025","188","131",0.356,0.32,0.035999999999999976,0.62,0.568,0.052000000000000046,0.44,0.409,0.031000000000000028
"Lux, Gavin","666158","2025","188","118",0.293,0.256,0.03699999999999998,0.409,0.359,0.04999999999999999,0.355,0.319,0.035999999999999976
"Rafaela, Ceddanne","678882","2025","188","138",0.221,0.262,-0.04100000000000001,0.331,0.465,-0.134,0.27,0.335,-0.065
"Kepler, Max","596146","2025","188","127",0.23,0.257,-0.026999999999999996,0.412,0.447,-0.03500000000000003,0.322,0.343,-0.02100000000000002
"Ortiz, Joey","687401","2025","187","141",0.183,0.25,-0.067,0.249,0.335,-0.08600000000000002,0.23,0.289,-0.05899999999999997
"Rice, Ben","700250","2025","187","120",0.244,0.288,-0.043999999999999984,0.524,0.58,-0.05599999999999994,0.369,0.412,-0.04299999999999998
"Diaz, Yainer","673237","2025","187","140",0.232,0.262,-0.03,0.362,0.466,-0.10400000000000004,0.281,0.33,-0.04899999999999999
"Sosa, Lenyn","672820","2025","187","139",0.271,0.279,-0.008000000000000007,0.387,0.433,-0.045999999999999985,0.297,0.315,-0.018000000000000016
"McCutchen, Andrew","457705","2025","187","125",0.261,0.271,-0.010000000000000009,0.369,0.437,-0.068,0.335,0.358,-0.022999999999999965
"Aranda, Jonathan","666018","2025","185","117",0.309,0.294,0.015000000000000013,0.5,0.521,-0.02100000000000002,0.389,0.388,0.0010000000000000009
"Torres, Gleyber","650402","2025","184","137",0.277,0.295,-0.01799999999999996,0.426,0.553,-0.12700000000000006,0.359,0.406,-0.04700000000000004
"Jung, Josh","673962","2025","183","131",0.281,0.272,0.009000000000000008,0.456,0.493,-0.03699999999999998,0.343,0.349,-0.00599999999999995
"Meyers, Jake","676694","2025","182","134",0.299,0.278,0.020999999999999963,0.415,0.42,-0.0050000000000000044,0.341,0.333,0.008000000000000007
"Abrams, CJ","682928","2025","181","132",0.287,0.293,-0.006000000000000005,0.518,0.503,0.015000000000000013,0.373,0.367,0.006000000000000005
"Winn, Masyn","691026","2025","181","119",0.261,0.255,0.006000000000000005,0.414,0.382,0.03199999999999997,0.337,0.32,0.017000000000000015
"Sheets, Gavin","657757","2025","181","123",0.268,0.268,0,0.488,0.481,0.007000000000000006,0.348,0.341,0.006999999999999951
"García Jr., Luis","671277","2025","181","143",0.233,0.284,-0.05099999999999996,0.368,0.457,-0.08900000000000002,0.284,0.347,-0.063
"O'Hearn, Ryan","656811","2025","180","127",0.34,0.329,0.01100000000000001,0.558,0.523,0.03500000000000003,0.428,0.407,0.02100000000000002
"Rengifo, Luis","650859","2025","179","142",0.225,0.277,-0.05200000000000002,0.284,0.383,-0.09900000000000003,0.242,0.303,-0.061
"Domínguez, Jasson","691176","2025","179","105",0.237,0.242,-0.0050000000000000044,0.414,0.418,-0.0040000000000000036,0.331,0.338,-0.007000000000000006
"Smith, Josh","669701","2025","179","131",0.263,0.276,-0.013000000000000012,0.381,0.42,-0.03899999999999998,0.316,0.333,-0.017000000000000015
"Wells, Austin","669224","2025","177","120",0.206,0.219,-0.013000000000000012,0.432,0.421,0.01100000000000001,0.301,0.307,-0.006000000000000005
"Frazier, Adam","624428","2025","176","131",0.255,0.232,0.022999999999999993,0.338,0.291,0.04700000000000004,0.298,0.268,0.02999999999999997
"Beck, Jordan","687597","2025","176","108",0.269,0.25,0.019000000000000017,0.519,0.483,0.03600000000000003,0.365,0.345,0.020000000000000018
"O'Hoppe, Logan","681351","2025","175","108",0.265,0.249,0.016000000000000014,0.53,0.538,-0.008000000000000007,0.355,0.348,0.007000000000000006
"Correa, Carlos","621043","2025","174","134",0.25,0.276,-0.026000000000000023,0.378,0.418,-0.03999999999999998,0.293,0.318,-0.025000000000000022
"Crews, Dylan","686611","2025","173","110",0.196,0.258,-0.062,0.354,0.469,-0.11499999999999999,0.277,0.343,-0.066
"Buxton, Byron","621439","2025","173","104",0.261,0.243,0.018000000000000016,0.522,0.489,0.03300000000000003,0.354,0.336,0.01799999999999996
"Bell, Josh","605137","2025","173","112",0.151,0.21,-0.059,0.289,0.366,-0.07700000000000001,0.251,0.301,-0.04999999999999999
"Espinal, Santiago","669289","2025","173","141",0.277,0.234,0.04300000000000001,0.333,0.297,0.03600000000000003,0.302,0.267,0.034999999999999976
"Smith, Will","669257","2025","171","108",0.333,0.294,0.039000000000000035,0.511,0.533,-0.02200000000000002,0.424,0.412,0.01200000000000001
"Grisham, Trent","663757","2025","171","114",0.25,0.273,-0.02300000000000002,0.52,0.568,-0.04799999999999993,0.379,0.4,-0.02100000000000002
"Bart, Joey","663698","2025","170","106",0.24,0.236,0.0040000000000000036,0.308,0.419,-0.11099999999999999,0.304,0.337,-0.03300000000000003
"Jeffers, Ryan","680777","2025","168","114",0.26,0.262,-0.0020000000000000018,0.397,0.466,-0.069,0.337,0.358,-0.020999999999999963
"Hernández, Teoscar","606192","2025","168","124",0.306,0.309,-0.0030000000000000027,0.575,0.538,0.03699999999999992,0.387,0.37,0.017000000000000015
"Walker, Jordan","691023","2025","167","101",0.214,0.216,-0.0020000000000000018,0.312,0.365,-0.05299999999999999,0.261,0.281,-0.020000000000000018
"Clement, Ernie","676391","2025","167","133",0.245,0.254,-0.009000000000000008,0.311,0.325,-0.014000000000000012,0.271,0.283,-0.011999999999999955
"Kirk, Alejandro","672386","2025","167","138",0.286,0.297,-0.01100000000000001,0.37,0.456,-0.08600000000000002,0.309,0.341,-0.03200000000000003
"Burger, Jake","669394","2025","166","113",0.212,0.236,-0.023999999999999994,0.404,0.461,-0.056999999999999995,0.282,0.315,-0.03300000000000003
"Báez, Javier","595879","2025","165","118",0.28,0.239,0.041000000000000036,0.459,0.396,0.063,0.338,0.292,0.04600000000000004
"Andujar, Miguel","609280","2025","164","135",0.318,0.268,0.04999999999999999,0.429,0.362,0.067,0.34,0.297,0.04300000000000004
"Kiner-Falefa, Isiah","643396","2025","163","126",0.285,0.259,0.025999999999999968,0.358,0.323,0.034999999999999976,0.31,0.283,0.027000000000000024
"Smith, Pavin","656976","2025","162","89",0.292,0.229,0.06299999999999997,0.467,0.433,0.03400000000000003,0.385,0.344,0.041000000000000036
"Misner, Kameron","670224","2025","161","97",0.234,0.214,0.020000000000000018,0.379,0.332,0.046999999999999986,0.299,0.272,0.02699999999999997
"Keith, Colt","690993","2025","161","106",0.23,0.273,-0.04300000000000001,0.388,0.474,-0.08599999999999997,0.321,0.366,-0.044999999999999984
"Wade Jr., LaMonte","664774","2025","160","106",0.161,0.21,-0.04899999999999999,0.263,0.32,-0.056999999999999995,0.245,0.285,-0.03999999999999998
"Taylor, Tyrone","621438","2025","159","112",0.248,0.282,-0.033999999999999975,0.359,0.414,-0.05499999999999999,0.294,0.328,-0.03400000000000003
"Moreno, Gabriel","672515","2025","158","118",0.276,0.272,0.0040000000000000036,0.421,0.438,-0.017000000000000015,0.334,0.335,-0.0010000000000000009
"Dingler, Dillon","693307","2025","157","110",0.289,0.287,0.0020000000000000018,0.434,0.475,-0.04099999999999998,0.327,0.336,-0.009000000000000008
"Allen, Nick","669397","2025","157","110",0.246,0.225,0.02099999999999999,0.275,0.268,0.007000000000000006,0.27,0.256,0.014000000000000012
"Narváez, Carlos","665966","2025","156","105",0.291,0.251,0.03999999999999998,0.468,0.442,0.026000000000000023,0.363,0.333,0.02999999999999997
"Adell, Jo","666176","2025","156","104",0.196,0.252,-0.055999999999999994,0.364,0.461,-0.09700000000000003,0.279,0.336,-0.056999999999999995
"Moniak, Mickey","666160","2025","156","109",0.221,0.259,-0.038000000000000006,0.407,0.452,-0.04500000000000004,0.291,0.324,-0.03300000000000003
"Smith, Cam","701358","2025","155","93",0.261,0.25,0.01100000000000001,0.391,0.386,0.0050000000000000044,0.328,0.319,0.009000000000000008
"Heim, Jonah","641680","2025","155","110",0.248,0.241,0.007000000000000006,0.393,0.383,0.010000000000000009,0.301,0.292,0.009000000000000008
"Bailey, Patrick","672275","2025","153","91",0.175,0.186,-0.01100000000000001,0.255,0.319,-0.064,0.223,0.251,-0.027999999999999997
"Bader, Harrison","664056","2025","153","102",0.276,0.228,0.048000000000000015,0.433,0.369,0.064,0.352,0.306,0.045999999999999985
"Burleson, Alec","676475","2025","153","120",0.287,0.264,0.022999999999999965,0.42,0.419,0.0010000000000000009,0.33,0.315,0.015000000000000013
"Neto, Zach","687263","2025","152","98",0.282,0.289,-0.007000000000000006,0.542,0.597,-0.05499999999999994,0.371,0.393,-0.02200000000000002
"Lopez, Otto","672640","2025","151","118",0.226,0.286,-0.05999999999999997,0.336,0.479,-0.14299999999999996,0.283,0.358,-0.07500000000000001
"Edman, Tommy","669242","2025","151","117",0.232,0.295,-0.06299999999999997,0.457,0.511,-0.05399999999999999,0.316,0.369,-0.05299999999999999
"Farmer, Kyle","571657","2025","149","112",0.25,0.228,0.021999999999999992,0.386,0.337,0.04899999999999999,0.296,0.272,0.023999999999999966
"Naylor, Bo","666310","2025","148","91",0.188,0.202,-0.014000000000000012,0.406,0.408,-0.0019999999999999463,0.3,0.304,-0.0040000000000000036
"Thomas, Alek","677950","2025","148","102",0.265,0.244,0.02100000000000002,0.375,0.356,0.019000000000000017,0.305,0.293,0.01200000000000001
"Urías, Luis","649966","2025","148","108",0.246,0.25,-0.0040000000000000036,0.413,0.39,0.022999999999999965,0.329,0.326,0.0030000000000000027
"Sánchez, Jesús","660821","2025","147","96",0.246,0.262,-0.016000000000000014,0.357,0.461,-0.10400000000000004,0.32,0.358,-0.03799999999999998
"Kjerstad, Heston","677008","2025","147","97",0.19,0.23,-0.04000000000000001,0.307,0.409,-0.10199999999999998,0.244,0.297,-0.05299999999999999
"Lee, Brooks","686797","2025","146","113",0.23,0.239,-0.00899999999999998,0.348,0.402,-0.05400000000000005,0.275,0.3,-0.024999999999999967
"Pederson, Joc","592626","2025","146","94",0.131,0.207,-0.07599999999999998,0.238,0.354,-0.11599999999999999,0.244,0.312,-0.068
"Pham, Tommy","502054","2025","146","92",0.206,0.21,-0.0040000000000000036,0.237,0.281,-0.04400000000000004,0.239,0.255,-0.016000000000000014
"Taveras, Leody","665750","2025","146","99",0.223,0.213,0.010000000000000009,0.345,0.336,0.008999999999999952,0.257,0.245,0.01200000000000001
"Jones, Nolan","666134","2025","144","87",0.175,0.226,-0.05100000000000002,0.27,0.427,-0.15699999999999997,0.244,0.318,-0.07400000000000001
"Polanco, Jorge","593871","2025","144","111",0.282,0.318,-0.03600000000000003,0.557,0.567,-0.009999999999999898,0.383,0.403,-0.020000000000000018
"Giménez, Andrés","665926","2025","143","103",0.195,0.255,-0.06,0.305,0.375,-0.07,0.263,0.32,-0.056999999999999995
"Baldwin, Brooks","681460","2025","142","96",0.215,0.227,-0.01200000000000001,0.331,0.363,-0.03199999999999997,0.26,0.287,-0.02699999999999997
"Walls, Taylor","670764","2025","141","95",0.19,0.204,-0.013999999999999985,0.231,0.274,-0.04300000000000001,0.243,0.261,-0.018000000000000016
"Isbel, Kyle","664728","2025","140","111",0.269,0.224,0.04500000000000001,0.415,0.318,0.09699999999999998,0.295,0.24,0.05499999999999999
"Paris, Kyren","677347","2025","140","67",0.19,0.187,0.0030000000000000027,0.381,0.374,0.007000000000000006,0.287,0.28,0.006999999999999951
"Martínez, Angel","682657","2025","140","110",0.265,0.238,0.027000000000000024,0.379,0.323,0.055999999999999994,0.291,0.26,0.030999999999999972
"Waters, Drew","671221","2025","139","96",0.28,0.25,0.030000000000000027,0.394,0.337,0.056999999999999995,0.313,0.276,0.03699999999999998
"Moore, Dylan","664238","2025","139","89",0.272,0.251,0.02100000000000002,0.496,0.441,0.05499999999999999,0.357,0.332,0.024999999999999967
"Caballero, José","676609","2025","139","82",0.244,0.225,0.01899999999999999,0.358,0.304,0.05399999999999999,0.306,0.278,0.02799999999999997
"Morel, Christopher","666624","2025","138","74",0.203,0.212,-0.00899999999999998,0.333,0.417,-0.08399999999999996,0.282,0.312,-0.030000000000000027
"Pagés, Pedro","686780","2025","136","99",0.217,0.219,-0.0020000000000000018,0.372,0.342,0.02999999999999997,0.272,0.261,0.01100000000000001
"Acuña, Luisangel","682668","2025","135","99",0.26,0.257,0.0030000000000000027,0.309,0.323,-0.014000000000000012,0.282,0.287,-0.0050000000000000044
"Mervis, Matt","670223","2025","134","71",0.175,0.154,0.02099999999999999,0.383,0.288,0.09500000000000003,0.278,0.235,0.04300000000000004
"Durbin, Caleb","702332","2025","133","108",0.2,0.219,-0.01899999999999999,0.278,0.304,-0.025999999999999968,0.265,0.279,-0.014000000000000012
"Verdugo, Alex","657077","2025","133","108",0.27,0.291,-0.020999999999999963,0.336,0.412,-0.07599999999999996,0.302,0.334,-0.03200000000000003
"Call, Alex","669743","2025","133","93",0.267,0.226,0.04100000000000001,0.362,0.329,0.032999999999999974,0.336,0.318,0.018000000000000016
"Williamson, Ben","810938","2025","133","94",0.244,0.238,0.006000000000000005,0.299,0.342,-0.04300000000000004,0.259,0.271,-0.01200000000000001
"Urías, Ramón","602104","2025","133","94",0.282,0.244,0.03799999999999998,0.376,0.371,0.0050000000000000044,0.316,0.308,0.008000000000000007
"Castro, Willi","650489","2025","132","86",0.227,0.221,0.006000000000000005,0.345,0.337,0.007999999999999952,0.29,0.282,0.008000000000000007
"Jansen, Danny","643376","2025","132","82",0.2,0.213,-0.012999999999999984,0.336,0.368,-0.03199999999999997,0.309,0.322,-0.013000000000000012
"Schneemann, Daniel","682177","2025","131","85",0.25,0.251,-0.0010000000000000009,0.474,0.499,-0.025000000000000022,0.352,0.357,-0.0050000000000000044
"Norby, Connor","681393","2025","130","86",0.285,0.233,0.05199999999999996,0.439,0.455,-0.016000000000000014,0.334,0.312,0.02200000000000002
"White, Eli","642201","2025","130","92",0.264,0.275,-0.01100000000000001,0.421,0.397,0.023999999999999966,0.317,0.312,0.0050000000000000044
"Meidroth, Chase","805367","2025","129","97",0.292,0.28,0.011999999999999955,0.354,0.346,0.008000000000000007,0.335,0.325,0.010000000000000009
"Kelly, Carson","608348","2025","128","88",0.298,0.277,0.020999999999999963,0.606,0.549,0.05699999999999994,0.439,0.407,0.03200000000000003
"Ramírez, Agustín","682663","2025","127","95",0.239,0.261,-0.02200000000000002,0.487,0.458,0.02899999999999997,0.34,0.335,0.0050000000000000044
"Young, Jacob","696285","2025","127","95",0.227,0.279,-0.05200000000000002,0.282,0.323,-0.041000000000000036,0.273,0.309,-0.035999999999999976
"Fitzgerald, Tyler","666149","2025","127","85",0.261,0.22,0.04100000000000001,0.383,0.309,0.07400000000000001,0.313,0.266,0.046999999999999986
"Murphy, Sean","669221","2025","127","70",0.216,0.213,0.0030000000000000027,0.468,0.418,0.050000000000000044,0.344,0.322,0.021999999999999964
"Hays, Austin","669720","2025","127","88",0.308,0.274,0.033999999999999975,0.564,0.509,0.05499999999999994,0.385,0.356,0.029000000000000026
"Tellez, Rowdy","642133","2025","125","82",0.211,0.253,-0.04200000000000001,0.456,0.517,-0.061,0.315,0.357,-0.04199999999999998
"Marte, Ketel","606466","2025","125","90",0.283,0.317,-0.03400000000000003,0.566,0.597,-0.031000000000000028,0.408,0.427,-0.019000000000000017
"Chisholm Jr., Jazz","665862","2025","125","67",0.181,0.213,-0.032,0.41,0.44,-0.030000000000000027,0.318,0.338,-0.020000000000000018
"Simpson, Chandler","802415","2025","124","104",0.287,0.303,-0.016000000000000014,0.322,0.346,-0.023999999999999966,0.284,0.306,-0.02200000000000002
"Díaz, Elias","553869","2025","124","87",0.221,0.211,0.010000000000000009,0.336,0.312,0.02400000000000002,0.279,0.262,0.017000000000000015
"Cabrera, Oswaldo","665828","2025","122","84",0.243,0.247,-0.0040000000000000036,0.308,0.302,0.006000000000000005,0.289,0.286,0.0030000000000000027
"Sanoja, Javier","691594","2025","122","95",0.241,0.252,-0.01100000000000001,0.321,0.336,-0.015000000000000013,0.262,0.272,-0.010000000000000009
"Trout, Mike","545361","2025","121","72",0.179,0.249,-0.07,0.462,0.577,-0.11499999999999994,0.306,0.373,-0.067
"Alvarez, Yordan","670541","2025","121","84",0.21,0.246,-0.036000000000000004,0.34,0.495,-0.15499999999999997,0.278,0.363,-0.08499999999999996
"Merrill, Jackson","701538","2025","120","88",0.333,0.313,0.020000000000000018,0.532,0.587,-0.05499999999999994,0.393,0.399,-0.006000000000000005
"Hernández, Enrique","571771","2025","119","79",0.226,0.244,-0.017999999999999988,0.443,0.46,-0.017000000000000015,0.323,0.333,-0.010000000000000009
"Tovar, Ezequiel","678662","2025","118","89",0.284,0.322,-0.038000000000000034,0.431,0.514,-0.08300000000000002,0.333,0.376,-0.04299999999999998
"Benintendi, Andrew","643217","2025","117","80",0.216,0.205,0.01100000000000001,0.373,0.422,-0.04899999999999999,0.296,0.319,-0.02300000000000002
"Iglesias, Jose","578428","2025","116","92",0.255,0.246,0.009000000000000008,0.302,0.289,0.013000000000000012,0.277,0.267,0.010000000000000009
"Trevino, Jose","624431","2025","116","95",0.296,0.255,0.04099999999999998,0.491,0.384,0.10699999999999998,0.355,0.294,0.061
"Quero, Edgar","700337","2025","115","85",0.265,0.249,0.016000000000000014,0.324,0.337,-0.013000000000000012,0.308,0.302,0.006000000000000005
"Palacios, Joshua","641943","2025","114","72",0.222,0.235,-0.012999999999999984,0.354,0.404,-0.050000000000000044,0.309,0.329,-0.020000000000000018
"Baty, Brett","683146","2025","114","77",0.25,0.26,-0.010000000000000009,0.472,0.484,-0.01200000000000001,0.327,0.332,-0.0050000000000000044
"Barger, Addison","680718","2025","113","77",0.243,0.281,-0.038000000000000034,0.398,0.479,-0.08099999999999996,0.307,0.35,-0.04299999999999998
"Canario, Alexander","672744","2025","112","72",0.25,0.249,0.0010000000000000009,0.385,0.501,-0.11599999999999999,0.305,0.342,-0.03700000000000003
"Casas, Triston","671213","2025","112","72",0.182,0.216,-0.034,0.303,0.409,-0.10599999999999998,0.259,0.307,-0.04799999999999999
"Cronenworth, Jake","630105","2025","112","70",0.256,0.229,0.026999999999999996,0.467,0.344,0.12300000000000005,0.373,0.323,0.04999999999999999
"Martini, Nick","605361","2025","111","84",0.225,0.22,0.0050000000000000044,0.294,0.299,-0.0050000000000000044,0.261,0.259,0.0020000000000000018
"Tawa, Tim","694374","2025","111","74",0.227,0.252,-0.024999999999999994,0.423,0.445,-0.02200000000000002,0.313,0.339,-0.026000000000000023
"Lukes, Nathan","664770","2025","111","80",0.253,0.287,-0.033999999999999975,0.407,0.406,0.0009999999999999454,0.344,0.355,-0.01100000000000001
"Taylor, Michael A.","572191","2025","110","61",0.196,0.196,0,0.343,0.374,-0.030999999999999972,0.261,0.27,-0.009000000000000008
"Thaiss, Matt","642136","2025","110","65",0.212,0.199,0.012999999999999984,0.294,0.289,0.0050000000000000044,0.322,0.315,0.007000000000000006
"Caratini, Victor","605170","2025","110","79",0.271,0.258,0.013000000000000012,0.417,0.41,0.007000000000000006,0.344,0.338,0.00599999999999995
"Malloy, Justyn-Henry","669234","2025","109","61",0.205,0.195,0.009999999999999981,0.284,0.319,-0.03500000000000003,0.293,0.298,-0.0050000000000000044
"Tena, José","677588","2025","109","78",0.25,0.261,-0.01100000000000001,0.35,0.388,-0.038000000000000034,0.29,0.311,-0.02100000000000002
"Renfroe, Hunter","592669","2025","108","79",0.182,0.199,-0.017000000000000015,0.242,0.329,-0.08700000000000002,0.221,0.261,-0.04000000000000001
"Kurtz, Nick","701762","2025","108","61",0.245,0.251,-0.006000000000000005,0.447,0.471,-0.023999999999999966,0.326,0.338,-0.01200000000000001
"Seager, Corey","608369","2025","107","82",0.3,0.328,-0.028000000000000025,0.52,0.64,-0.12,0.373,0.425,-0.05199999999999999
"Marte, Starling","516782","2025","107","73",0.225,0.248,-0.022999999999999993,0.326,0.345,-0.01899999999999996,0.309,0.329,-0.020000000000000018
"Rodgers, Brendan","663898","2025","107","57",0.198,0.225,-0.026999999999999996,0.271,0.395,-0.124,0.249,0.302,-0.05299999999999999
"Fermin, Freddy","666023","2025","107","82",0.24,0.225,0.014999999999999986,0.3,0.321,-0.02100000000000002,0.259,0.257,0.0020000000000000018
"Urshela, Gio","570482","2025","107","83",0.224,0.272,-0.048000000000000015,0.337,0.372,-0.034999999999999976,0.272,0.306,-0.033999999999999975
"Moncada, Yoán","660162","2025","106","62",0.222,0.218,0.0040000000000000036,0.467,0.457,0.010000000000000009,0.348,0.343,0.004999999999999949
"Marsh, Brandon","669016","2025","105","64",0.22,0.234,-0.014000000000000012,0.308,0.332,-0.02400000000000002,0.281,0.295,-0.013999999999999957
"Gorman, Nolan","669357","2025","105","64",0.191,0.199,-0.008000000000000007,0.303,0.355,-0.05199999999999999,0.262,0.296,-0.033999999999999975
"Baldwin, Drake","686948","2025","105","83",0.337,0.324,0.013000000000000012,0.531,0.529,0.0020000000000000018,0.397,0.386,0.01100000000000001
"Rojas, Johan","679032","2025","104","68",0.25,0.225,0.024999999999999994,0.326,0.292,0.03400000000000003,0.282,0.259,0.022999999999999965
"Hicks, Liam","689414","2025","104","80",0.278,0.281,-0.0030000000000000027,0.478,0.428,0.04999999999999999,0.362,0.345,0.017000000000000015
"Collins, Isaac","686555","2025","104","66",0.256,0.235,0.02100000000000002,0.344,0.33,0.013999999999999957,0.317,0.3,0.017000000000000015
"Garver, Mitch","641598","2025","104","61",0.216,0.211,0.0050000000000000044,0.273,0.338,-0.065,0.289,0.306,-0.017000000000000015
"Mastrobuoni, Miles","670156","2025","104","77",0.213,0.279,-0.06600000000000003,0.281,0.373,-0.09199999999999997,0.266,0.323,-0.056999999999999995
"Julien, Edouard","666397","2025","104","63",0.198,0.25,-0.05199999999999999,0.319,0.442,-0.123,0.276,0.337,-0.061
"Laureano, Ramón","657656","2025","103","66",0.266,0.255,0.01100000000000001,0.532,0.529,0.0030000000000000027,0.366,0.354,0.01200000000000001
"Valdez, Enmanuel","665839","2025","102","75",0.209,0.264,-0.05500000000000002,0.363,0.433,-0.07,0.293,0.339,-0.04600000000000004
"Shaw, Matt","807713","2025","102","64",0.236,0.239,-0.0030000000000000027,0.337,0.329,0.008000000000000007,0.306,0.303,0.0030000000000000027
"Bride, Jonah","681146","2025","102","62",0.185,0.184,0.0010000000000000009,0.207,0.258,-0.05100000000000002,0.213,0.231,-0.018000000000000016
"Rocchio, Brayan","677587","2025","102","72",0.165,0.232,-0.067,0.198,0.314,-0.11599999999999999,0.205,0.278,-0.07300000000000004
"Amador, Adael","691182","2025","102","66",0.146,0.227,-0.08100000000000002,0.225,0.316,-0.091,0.22,0.284,-0.06399999999999997
"Torrens, Luis","620443","2025","101","69",0.275,0.338,-0.063,0.429,0.602,-0.173,0.342,0.428,-0.08599999999999997
"Triolo, Jared","669707","2025","100","73",0.136,0.22,-0.08399999999999999,0.25,0.379,-0.129,0.213,0.293,-0.07999999999999999
"Amaya, Miguel","665804","2025","100","73",0.28,0.259,0.02100000000000002,0.505,0.425,0.08000000000000002,0.352,0.315,0.03699999999999998
"Westburg, Jordan","676059","2025","98","70",0.217,0.258,-0.04100000000000001,0.391,0.462,-0.07100000000000001,0.288,0.33,-0.04200000000000004
"Dezenzo, Zach","701305","2025","96","52",0.233,0.235,-0.001999999999999974,0.337,0.402,-0.065,0.294,0.315,-0.02100000000000002
"Heyward, Jason","518792","2025","95","68",0.176,0.205,-0.028999999999999998,0.271,0.297,-0.025999999999999968,0.22,0.25,-0.03
"Rosario, Amed","642708","2025","93","75",0.303,0.328,-0.025000000000000022,0.449,0.495,-0.045999999999999985,0.343,0.368,-0.024999999999999967
"Noel, Jhonkensy","678877","2025","93","61",0.146,0.161,-0.015000000000000013,0.236,0.247,-0.01100000000000001,0.181,0.191,-0.010000000000000009
"O'Neill, Tyler","641933","2025","93","55",0.188,0.22,-0.032,0.325,0.47,-0.14499999999999996,0.267,0.329,-0.062
"Straw, Myles","664702","2025","92","76",0.282,0.252,0.02999999999999997,0.365,0.373,-0.008000000000000007,0.297,0.282,0.015000000000000013
"Turner, Justin","457759","2025","91","62",0.211,0.253,-0.04200000000000001,0.276,0.378,-0.10199999999999998,0.27,0.326,-0.055999999999999994
"Candelario, Jeimer","600869","2025","91","53",0.113,0.131,-0.018000000000000002,0.212,0.25,-0.038000000000000006,0.191,0.218,-0.026999999999999996
"Ibáñez, Andy","628451","2025","91","71",0.228,0.25,-0.021999999999999992,0.342,0.397,-0.05499999999999999,0.3,0.328,-0.028000000000000025
"Fraley, Jake","641584","2025","91","62",0.205,0.232,-0.027000000000000024,0.359,0.359,0,0.308,0.316,-0.008000000000000007
"Herrera, Iván","671056","2025","91","65",0.359,0.312,0.046999999999999986,0.628,0.571,0.05700000000000005,0.449,0.407,0.04200000000000004
"Dubón, Mauricio","643289","2025","90","81",0.271,0.267,0.0040000000000000036,0.376,0.32,0.055999999999999994,0.3,0.276,0.023999999999999966
"Anderson, Tim","641313","2025","90","55",0.205,0.185,0.01999999999999999,0.241,0.237,0.0040000000000000036,0.231,0.218,0.013000000000000012
"Pauley, Graham","688363","2025","89","62",0.21,0.22,-0.010000000000000009,0.284,0.331,-0.04700000000000004,0.245,0.278,-0.03300000000000003
"Varsho, Daulton","662139","2025","88","58",0.207,0.22,-0.013000000000000012,0.573,0.524,0.04899999999999993,0.325,0.321,0.0040000000000000036
"Vázquez, Christian","543877","2025","88","67",0.212,0.23,-0.018000000000000016,0.313,0.312,0.0010000000000000009,0.262,0.271,-0.009000000000000008
"Myers, Dane","667472","2025","88","62",0.337,0.343,-0.006000000000000005,0.482,0.541,-0.05900000000000005,0.376,0.396,-0.020000000000000018
"Stallings, Jacob","607732","2025","88","50",0.152,0.175,-0.022999999999999993,0.19,0.244,-0.05399999999999999,0.201,0.228,-0.026999999999999996
"Bauers, Jake","641343","2025","88","45",0.247,0.221,0.025999999999999995,0.416,0.441,-0.025000000000000022,0.337,0.331,0.006000000000000005
"Peraza, Oswald","672724","2025","87","56",0.165,0.228,-0.063,0.342,0.423,-0.08099999999999996,0.26,0.315,-0.05499999999999999
"McNeil, Jeff","643446","2025","87","64",0.239,0.266,-0.027000000000000024,0.437,0.37,0.067,0.339,0.333,0.006000000000000005
"Higashioka, Kyle","543309","2025","86","67",0.22,0.241,-0.02099999999999999,0.317,0.397,-0.08000000000000002,0.255,0.291,-0.035999999999999976
"Alvarez, Francisco","682626","2025","85","51",0.243,0.208,0.035,0.311,0.33,-0.019000000000000017,0.302,0.29,0.01200000000000001
"Mead, Curtis","678554","2025","85","56",0.224,0.243,-0.01899999999999999,0.368,0.38,-0.01200000000000001,0.296,0.306,-0.010000000000000009
"Raley, Luke","670042","2025","84","49",0.206,0.26,-0.05400000000000002,0.324,0.432,-0.10799999999999998,0.312,0.373,-0.061
"Roden, Alan","702176","2025","84","57",0.178,0.161,0.016999999999999987,0.26,0.233,0.026999999999999996,0.242,0.224,0.017999999999999988
"Biggio, Cavan","624415","2025","83","50",0.174,0.215,-0.04100000000000001,0.246,0.339,-0.09300000000000003,0.259,0.305,-0.045999999999999985
"Hill, Derek","656537","2025","82","46",0.233,0.222,0.01100000000000001,0.37,0.369,0.0010000000000000009,0.299,0.291,0.008000000000000007
"Berti, Jon","542932","2025","82","58",0.224,0.257,-0.033,0.25,0.337,-0.08700000000000002,0.246,0.291,-0.044999999999999984
"Grichuk, Randal","545341","2025","81","59",0.253,0.274,-0.02100000000000002,0.453,0.47,-0.01699999999999996,0.327,0.339,-0.01200000000000001
"d'Arnaud, Travis","518595","2025","81","51",0.213,0.231,-0.018000000000000016,0.333,0.429,-0.09599999999999997,0.271,0.311,-0.03999999999999998
"Rojas, Miguel","500743","2025","81","66",0.247,0.251,-0.0040000000000000036,0.325,0.316,0.009000000000000008,0.267,0.262,0.0050000000000000044
"Stephenson, Tyler","663886","2025","81","38",0.214,0.216,-0.0020000000000000018,0.414,0.449,-0.03500000000000003,0.322,0.331,-0.009000000000000008
"Winker, Jesse","608385","2025","78","49",0.239,0.222,0.016999999999999987,0.418,0.382,0.035999999999999976,0.316,0.3,0.016000000000000014
"Solano, Donovan","456781","2025","78","55",0.178,0.205,-0.026999999999999996,0.205,0.318,-0.11300000000000002,0.194,0.245,-0.05099999999999999
"Mitchell, Garrett","669003","2025","78","45",0.206,0.236,-0.03,0.294,0.345,-0.05099999999999999,0.264,0.292,-0.02799999999999997
"Canha, Mark","592192","2025","77","55",0.279,0.234,0.04500000000000001,0.309,0.307,0.0020000000000000018,0.303,0.289,0.014000000000000012
"Hamilton, David","666152","2025","76","54",0.197,0.219,-0.021999999999999992,0.31,0.318,-0.008000000000000007,0.24,0.25,-0.010000000000000009
"Maldonado, Martín","455117","2025","75","50",0.171,0.213,-0.04199999999999998,0.271,0.402,-0.131,0.213,0.279,-0.06600000000000003
"Dunn, Blake","694362","2025","75","35",0.15,0.199,-0.049000000000000016,0.233,0.307,-0.07399999999999998,0.275,0.315,-0.03999999999999998
"Sosa, Edmundo","624641","2025","74","54",0.338,0.31,0.028000000000000025,0.456,0.419,0.03700000000000003,0.365,0.336,0.02899999999999997
"Wade, Tyler","642180","2025","73","42",0.262,0.19,0.07200000000000001,0.311,0.231,0.07999999999999999,0.314,0.255,0.059
"Mangum, Jake","663968","2025","73","61",0.338,0.283,0.05500000000000005,0.397,0.414,-0.01699999999999996,0.349,0.328,0.020999999999999963
"Marte, Noelvi","682622","2025","73","56",0.294,0.242,0.05199999999999999,0.515,0.427,0.08800000000000002,0.371,0.312,0.059
"Matos, Luis","682641","2025","72","58",0.147,0.224,-0.07700000000000001,0.309,0.386,-0.07700000000000001,0.222,0.282,-0.05999999999999997
"Bouchard, Sean","656248","2025","72","38",0.169,0.177,-0.00799999999999998,0.246,0.231,0.014999999999999986,0.23,0.226,0.0040000000000000036
"Conine, Griffin","665052","2025","71","45",0.281,0.255,0.026000000000000023,0.438,0.429,0.009000000000000008,0.348,0.331,0.01699999999999996
"Muncy, Max","691777","2025","71","47",0.176,0.218,-0.04200000000000001,0.279,0.314,-0.034999999999999976,0.218,0.248,-0.03
"Rivas, Leo","660844","2025","71","44",0.276,0.213,0.06300000000000003,0.293,0.263,0.02999999999999997,0.334,0.297,0.03700000000000003
"Rortvedt, Ben","666163","2025","70","49",0.095,0.156,-0.061,0.111,0.207,-0.09599999999999999,0.151,0.21,-0.059
"Amaya, Jacob","676070","2025","68","51",0.097,0.178,-0.08099999999999999,0.113,0.233,-0.12000000000000001,0.106,0.195,-0.08900000000000001
"Wagner, Will","695238","2025","68","45",0.186,0.216,-0.03,0.22,0.276,-0.05600000000000002,0.241,0.271,-0.030000000000000027
"Lockridge, Brandon","663604","2025","68","49",0.197,0.237,-0.03999999999999998,0.262,0.298,-0.035999999999999976,0.238,0.268,-0.030000000000000027
"Clemens, Kody","665019","2025","68","42",0.288,0.323,-0.03500000000000003,0.661,0.646,0.015000000000000013,0.438,0.443,-0.0050000000000000044
"Wallner, Matt","670242","2025","67","38",0.263,0.238,0.025000000000000022,0.474,0.441,0.032999999999999974,0.371,0.351,0.020000000000000018
"Koss, Christian","683766","2025","67","44",0.233,0.268,-0.035,0.283,0.434,-0.15100000000000002,0.264,0.331,-0.067
"Lewis, Royce","668904","2025","66","51",0.148,0.225,-0.07700000000000001,0.23,0.402,-0.17200000000000001,0.204,0.297,-0.093
"Thomas, Lane","657041","2025","65","39",0.119,0.15,-0.031,0.136,0.181,-0.044999999999999984,0.145,0.181,-0.036000000000000004
"Kelenic, Jarred","672284","2025","65","37",0.167,0.198,-0.031,0.3,0.428,-0.128,0.239,0.297,-0.057999999999999996
"Capra, Vinny","681962","2025","64","44",0.068,0.154,-0.086,0.119,0.242,-0.123,0.109,0.2,-0.09100000000000001
"Herrera, Jose","645444","2025","63","40",0.196,0.161,0.035,0.314,0.221,0.093,0.291,0.244,0.046999999999999986
"Rivera, Emmanuel","656896","2025","63","46",0.263,0.254,0.009000000000000008,0.298,0.322,-0.02400000000000002,0.291,0.293,-0.0020000000000000018
"Maton, Nick","665155","2025","63","35",0.167,0.137,0.03,0.315,0.261,0.05399999999999999,0.276,0.242,0.03400000000000003
"Keirsey Jr., DaShawn","680577","2025","63","40",0.115,0.156,-0.040999999999999995,0.164,0.218,-0.05399999999999999,0.14,0.179,-0.03899999999999998
"Gonzalez, Oscar","660757","2025","61","46",0.22,0.267,-0.047000000000000014,0.237,0.396,-0.15900000000000003,0.219,0.297,-0.07799999999999999
"Brown, Seth","664913","2025","61","35",0.212,0.223,-0.01100000000000001,0.308,0.389,-0.08100000000000002,0.296,0.325,-0.029000000000000026
"Encarnacion-Strand, Christian","687952","2025","60","45",0.158,0.203,-0.04500000000000001,0.298,0.372,-0.07400000000000001,0.21,0.263,-0.05300000000000002
"Rojas, Josh","668942","2025","60","33",0.154,0.197,-0.04300000000000001,0.173,0.26,-0.08700000000000002,0.218,0.264,-0.04600000000000001
"Refsnyder, Rob","608701","2025","59","36",0.314,0.284,0.030000000000000027,0.608,0.541,0.06699999999999995,0.413,0.374,0.03899999999999998
"Gonzalez, Romy","663853","2025","58","41",0.308,0.265,0.04299999999999998,0.423,0.437,-0.014000000000000012,0.345,0.351,-0.006000000000000005
"Benson, Will","666181","2025","58","38",0.26,0.311,-0.05099999999999999,0.62,0.661,-0.041000000000000036,0.394,0.448,-0.05399999999999999
"DeJong, Paul","657557","2025","57","30",0.204,0.19,0.013999999999999985,0.278,0.258,0.020000000000000018,0.236,0.22,0.015999999999999986
"Hedges, Austin","595978","2025","57","30",0.122,0.124,-0.0020000000000000018,0.306,0.224,0.08199999999999999,0.246,0.215,0.031
"Davis, Henry","680779","2025","57","41",0.204,0.276,-0.07200000000000004,0.347,0.466,-0.11900000000000005,0.289,0.359,-0.07
"Schuemann, Max","680474","2025","57","43",0.26,0.257,0.0030000000000000027,0.4,0.382,0.018000000000000016,0.335,0.326,0.009000000000000008
"Simon, Ronny","682927","2025","56","42",0.234,0.277,-0.04300000000000001,0.277,0.42,-0.14299999999999996,0.28,0.347,-0.06699999999999995
"Fortes, Nick","663743","2025","56","46",0.212,0.241,-0.028999999999999998,0.346,0.397,-0.051000000000000045,0.265,0.296,-0.030999999999999972
"Wong, Connor","657136","2025","54","34",0.146,0.23,-0.08400000000000002,0.146,0.341,-0.19500000000000003,0.193,0.296,-0.10299999999999998
"Escarra, J.C.","641555","2025","54","39",0.244,0.259,-0.015000000000000013,0.4,0.395,0.0050000000000000044,0.335,0.338,-0.0030000000000000027
"Mateo, Jorge","622761","2025","53","33",0.196,0.201,-0.0050000000000000044,0.255,0.277,-0.02200000000000002,0.216,0.224,-0.008000000000000007
"Jung, Jace","690291","2025","53","30",0.111,0.176,-0.06499999999999999,0.111,0.231,-0.12000000000000001,0.19,0.255,-0.065
"Huff, Sam","669087","2025","52","26",0.208,0.2,0.00799999999999998,0.354,0.336,0.01799999999999996,0.264,0.265,-0.0010000000000000009
"Melendez, MJ","669004","2025","52","27",0.085,0.139,-0.054000000000000006,0.17,0.275,-0.10500000000000001,0.167,0.224,-0.056999999999999995
"McCormick, Chas","676801","2025","52","32",0.262,0.25,0.01200000000000001,0.31,0.349,-0.03899999999999998,0.307,0.313,-0.006000000000000005
"Newman, Kevin","621028","2025","51","40",0.184,0.216,-0.032,0.204,0.262,-0.058000000000000024,0.182,0.216,-0.034
"Heineman, Tyler","623168","2025","51","39",0.396,0.246,0.15000000000000002,0.542,0.352,0.19000000000000006,0.412,0.272,0.13999999999999996
"Pozo, Yohel","650968","2025","51","49",0.32,0.324,-0.0040000000000000036,0.44,0.413,0.027000000000000024,0.339,0.327,0.01200000000000001
"Rodríguez, Endy","682848","2025","50","33",0.178,0.215,-0.037000000000000005,0.244,0.316,-0.07200000000000001,0.235,0.275,-0.040000000000000036
"Haggerty, Sam","664059","2025","50","40",0.213,0.317,-0.10400000000000001,0.362,0.509,-0.14700000000000002,0.273,0.373,-0.09999999999999998
"De La Cruz, Bryan","650559","2025","50","29",0.191,0.207,-0.015999999999999986,0.213,0.307,-0.094,0.21,0.248,-0.038000000000000006
"Jankowski, Travis","608671","2025","49","34",0.244,0.246,-0.0020000000000000018,0.289,0.277,0.011999999999999955,0.258,0.255,0.0030000000000000027
"Sogard, Nick","686765","2025","48","38",0.261,0.292,-0.030999999999999972,0.326,0.464,-0.138,0.276,0.341,-0.065
"McCarthy, Jake","664983","2025","47","36",0.073,0.173,-0.09999999999999999,0.098,0.24,-0.142,0.14,0.232,-0.092
"Toro, Abraham","647351","2025","46","40",0.261,0.249,0.01200000000000001,0.522,0.392,0.13,0.335,0.273,0.062
"Vivas, Jorbit","678391","2025","46","28",0.154,0.221,-0.067,0.256,0.275,-0.019000000000000017,0.237,0.271,-0.03400000000000003
"Hampson, Garrett","641658","2025","46","25",0.2,0.19,0.010000000000000009,0.2,0.237,-0.03699999999999998,0.284,0.29,-0.006000000000000005
"Robles, Victor","645302","2025","46","38",0.273,0.204,0.06900000000000003,0.341,0.281,0.06,0.273,0.216,0.05700000000000002
"Lowe, Josh","666139","2025","46","37",0.279,0.284,-0.004999999999999949,0.488,0.499,-0.01100000000000001,0.354,0.356,-0.0020000000000000018
"Suwinski, Jack","669261","2025","45","20",0.128,0.223,-0.095,0.154,0.403,-0.24900000000000003,0.189,0.313,-0.124
"Barnes, Austin","605131","2025","44","29",0.214,0.23,-0.016000000000000014,0.286,0.31,-0.02400000000000002,0.229,0.244,-0.014999999999999986
"Kreidler, Ryan","668952","2025","44","21",0.105,0.187,-0.082,0.105,0.261,-0.15600000000000003,0.151,0.242,-0.091
"Saggese, Thomas","695336","2025","44","31",0.341,0.287,0.05400000000000005,0.512,0.469,0.04300000000000004,0.376,0.334,0.04199999999999998
"Kim, Hyeseong","808975","2025","43","33",0.366,0.264,0.10199999999999998,0.463,0.389,0.07400000000000001,0.38,0.3,0.08000000000000002
"Pillar, Kevin","607680","2025","43","35",0.209,0.216,-0.007000000000000006,0.256,0.295,-0.03899999999999998,0.204,0.22,-0.016000000000000014
"Wynns, Austin","642851","2025","43","28",0.4,0.301,0.09900000000000003,0.7,0.583,0.11699999999999999,0.489,0.396,0.09299999999999997
"Trejo, Alan","676701","2025","43","35",0.175,0.212,-0.037000000000000005,0.225,0.333,-0.10800000000000001,0.183,0.24,-0.056999999999999995
"Horwitz, Spencer","687462","2025","43","30",0.2,0.275,-0.07500000000000001,0.325,0.406,-0.08100000000000002,0.249,0.312,-0.063
"Pereda, Jhonny","640902","2025","42","23",0.167,0.163,0.0040000000000000036,0.194,0.215,-0.02099999999999999,0.236,0.239,-0.0030000000000000027
"Gorski, Matt","685301","2025","42","25",0.195,0.194,0.0010000000000000009,0.39,0.384,0.006000000000000005,0.26,0.254,0.006000000000000005
"Nuñez, Nasim","683083","2025","41","29",0.194,0.232,-0.038000000000000006,0.222,0.305,-0.08299999999999999,0.235,0.278,-0.04300000000000004
"Carlson, Dylan","666185","2025","41","25",0.158,0.179,-0.02099999999999999,0.342,0.289,0.05300000000000005,0.232,0.219,0.013000000000000012
"Baker, Luken","663609","2025","41","24",0.235,0.224,0.010999999999999982,0.324,0.375,-0.05099999999999999,0.32,0.33,-0.010000000000000009
"Bryant, Kris","592178","2025","41","26",0.154,0.165,-0.01100000000000001,0.205,0.307,-0.10200000000000001,0.183,0.222,-0.03900000000000001
"Taylor, Chris","621035","2025","41","24",0.171,0.165,0.006000000000000005,0.22,0.196,0.023999999999999994,0.171,0.156,0.015000000000000013
"Dunn, Oliver","686554","2025","41","28",0.167,0.233,-0.066,0.222,0.276,-0.05400000000000002,0.192,0.246,-0.05399999999999999
"Gurriel, Yuli","493329","2025","40","28",0.111,0.128,-0.017,0.139,0.17,-0.031,0.168,0.186,-0.017999999999999988
"Lugo, Matthew","683090","2025","40","24",0.231,0.244,-0.012999999999999984,0.564,0.462,0.10199999999999992,0.345,0.308,0.03699999999999998
"Haase, Eric","606992","2025","40","21",0.222,0.201,0.02099999999999999,0.417,0.402,0.014999999999999958,0.307,0.289,0.018000000000000016
"Freeman, Tyler","671289","2025","40","30",0.206,0.222,-0.016000000000000014,0.265,0.274,-0.009000000000000008,0.263,0.275,-0.01200000000000001
"Gasper, Mickey","681508","2025","39","25",0.176,0.149,0.026999999999999996,0.206,0.209,-0.0030000000000000027,0.237,0.224,0.012999999999999984
"Bliss, Ryan","669208","2025","39","24",0.2,0.219,-0.01899999999999999,0.314,0.425,-0.11099999999999999,0.271,0.316,-0.044999999999999984
"Wilson, Will","669717","2025","39","23",0.182,0.162,0.01999999999999999,0.242,0.264,-0.02200000000000002,0.253,0.251,0.0020000000000000018
"Schmitt, Casey","669477","2025","38","23",0.212,0.296,-0.08399999999999999,0.303,0.447,-0.14400000000000002,0.287,0.369,-0.08200000000000002
"Clase, Jonatan","682729","2025","38","24",0.242,0.259,-0.017000000000000015,0.333,0.38,-0.046999999999999986,0.298,0.32,-0.02200000000000002
"Harris, Dustin","687957","2025","38","24",0.2,0.208,-0.00799999999999998,0.343,0.323,0.020000000000000018,0.27,0.264,0.006000000000000005
"Joe, Connor","656582","2025","37","25",0.235,0.258,-0.02300000000000002,0.294,0.361,-0.067,0.269,0.302,-0.032999999999999974
"Marchán, Rafael","665561","2025","37","24",0.129,0.197,-0.068,0.129,0.228,-0.099,0.209,0.267,-0.058000000000000024
"Veen, Zac","691728","2025","37","20",0.118,0.13,-0.01200000000000001,0.235,0.242,-0.007000000000000006,0.196,0.203,-0.007000000000000006
"LeMahieu, DJ","518934","2025","37","26",0.206,0.274,-0.06800000000000003,0.294,0.401,-0.10700000000000004,0.257,0.322,-0.065
"Carter, Evan","694497","2025","37","27",0.182,0.227,-0.04500000000000001,0.273,0.384,-0.11099999999999999,0.253,0.307,-0.05399999999999999
"Nido, Tomás","621512","2025","37","26",0.343,0.264,0.07900000000000001,0.343,0.331,0.01200000000000001,0.317,0.27,0.046999999999999986
"Miranda, Jose","669304","2025","36","23",0.167,0.206,-0.03899999999999998,0.25,0.272,-0.02200000000000002,0.182,0.206,-0.023999999999999994
"Sánchez, Gary","596142","2025","35","19",0.1,0.204,-0.10399999999999998,0.1,0.26,-0.16,0.158,0.254,-0.096
"Fairchild, Stuart","656413","2025","34","23",0.156,0.176,-0.01999999999999999,0.25,0.326,-0.07600000000000001,0.204,0.241,-0.037000000000000005
"Tauchman, Mike","643565","2025","33","21",0.308,0.329,-0.02100000000000002,0.423,0.455,-0.03200000000000003,0.399,0.414,-0.014999999999999958
"Duran, Ezequiel","677649","2025","33","20",0.129,0.158,-0.028999999999999998,0.161,0.268,-0.10700000000000001,0.141,0.206,-0.065
"Arcia, Orlando","606115","2025","32","23",0.194,0.214,-0.01999999999999999,0.226,0.241,-0.014999999999999986,0.201,0.215,-0.013999999999999985
"Adams, Riley","656180","2025","32","16",0.156,0.219,-0.063,0.375,0.498,-0.123,0.225,0.301,-0.07599999999999998
"Elko, Tim","671284","2025","32","21",0.161,0.184,-0.022999999999999993,0.452,0.449,0.0030000000000000027,0.272,0.276,-0.0040000000000000036
"Slater, Austin","596103","2025","30","19",0.286,0.299,-0.013000000000000012,0.643,0.673,-0.030000000000000027,0.412,0.426,-0.014000000000000012
"Handley, Maverick","668974","2025","30","15",0.04,0.134,-0.094,0.04,0.175,-0.13499999999999998,0.083,0.178,-0.09499999999999999
"Schunk, Aaron","668845","2025","29","21",0.214,0.248,-0.034,0.25,0.332,-0.08200000000000002,0.204,0.25,-0.04600000000000001
"Senger, Hayden","663584","2025","29","19",0.179,0.252,-0.07300000000000001,0.214,0.396,-0.18200000000000002,0.191,0.292,-0.10099999999999998
"Rogers, Jake","668670","2025","29","18",0.16,0.218,-0.057999999999999996,0.24,0.362,-0.122,0.244,0.309,-0.065
"Lopez, Nicky","670032","2025","28","20",0.042,0.185,-0.143,0.042,0.221,-0.179,0.131,0.251,-0.12
"Reyes, Pablo","622569","2025","28","17",0.192,0.17,0.021999999999999992,0.231,0.23,0.0010000000000000009,0.222,0.209,0.013000000000000012
"Outman, James","681546","2025","27","11",0.125,0.164,-0.03900000000000001,0.375,0.538,-0.16300000000000003,0.264,0.334,-0.07
"Wilson, Weston","642215","2025","26","15",0.217,0.318,-0.101,0.348,0.531,-0.18300000000000005,0.297,0.401,-0.10400000000000004
"Keaschall, Luke","807712","2025","26","17",0.368,0.282,0.08600000000000002,0.526,0.47,0.05600000000000005,0.473,0.422,0.05099999999999999
"Villar, David","681584","2025","25","15",0.2,0.233,-0.033,0.25,0.363,-0.11299999999999999,0.298,0.344,-0.045999999999999985
"DeLuca, Jonny","676356","2025","25","19",0.435,0.296,0.139,0.522,0.348,0.17400000000000004,0.441,0.313,0.128
"Siri, Jose","642350","2025","24","12",0.05,0.118,-0.06799999999999999,0.1,0.255,-0.155,0.169,0.246,-0.07699999999999999
"Cameron, Daz","663662","2025","22","12",0.095,0.173,-0.07799999999999999,0.095,0.249,-0.154,0.113,0.205,-0.09199999999999998
"Dalbec, Bobby","666915","2025","21","12",0.222,0.177,0.04500000000000001,0.278,0.236,0.04200000000000004,0.287,0.258,0.02899999999999997
"Schneider, Davis","676914","2025","21","7",0.067,0.099,-0.032,0.067,0.11,-0.043,0.243,0.266,-0.02300000000000002
"Rushing, Dalton","687221","2025","21","9",0.25,0.201,0.04899999999999999,0.3,0.282,0.018000000000000016,0.263,0.232,0.031
"Hinds, Rece","677956","2025","20","9",0.158,0.193,-0.035,0.526,0.622,-0.09599999999999997,0.306,0.353,-0.046999999999999986
"Margot, Manuel","622534","2025","20","14",0.316,0.319,-0.0030000000000000027,0.316,0.362,-0.045999999999999985,0.267,0.303,-0.035999999999999976
"Azocar, José","640492","2025","20","17",0.278,0.341,-0.063,0.278,0.399,-0.121,0.292,0.357,-0.065
"Monasterio, Andruw","655316","2025","19","10",0.143,0.212,-0.069,0.214,0.276,-0.06200000000000003,0.297,0.339,-0.04200000000000004
"Lawlar, Jordan","691783","2025","18","8",0,0.105,-0.105,0,0.121,-0.121,0.077,0.164,-0.08700000000000001
"Baddoo, Akil","668731","2025","18","12",0.118,0.255,-0.137,0.176,0.314,-0.138,0.159,0.272,-0.11300000000000002
"Sabol, Blake","666165","2025","18","10",0.125,0.161,-0.036000000000000004,0.188,0.195,-0.007000000000000006,0.159,0.22,-0.061
"Acuña Jr., Ronald","660670","2025","18","9",0.313,0.247,0.066,0.75,0.686,0.06399999999999995,0.478,0.416,0.062
"Barrero, Jose","676480","2025","18","11",0.176,0.158,0.017999999999999988,0.412,0.282,0.13,0.276,0.216,0.060000000000000026
"Ballesteros, Moisés","694208","2025","18","15",0.188,0.266,-0.07800000000000001,0.188,0.329,-0.14100000000000001,0.226,0.307,-0.08099999999999999
"Bruján, Vidal","660644","2025","18","15",0.278,0.209,0.06900000000000003,0.389,0.358,0.031000000000000028,0.289,0.242,0.046999999999999986
"Cowser, Colton","681297","2025","18","10",0.125,0.221,-0.096,0.313,0.428,-0.11499999999999999,0.244,0.322,-0.07800000000000001
"Miller, Owen","680911","2025","17","10",0.143,0.183,-0.04000000000000001,0.143,0.197,-0.05400000000000002,0.229,0.269,-0.04000000000000001
"Campusano, Luis","669134","2025","17","5",0,0.074,-0.074,0,0.082,-0.082,0.245,0.29,-0.044999999999999984
"Hassell III, Robert","690987","2025","17","12",0.118,0.238,-0.12,0.118,0.361,-0.243,0.105,0.26,-0.15500000000000003
"Stefanic, Michael","683021","2025","17","12",0.2,0.262,-0.062,0.2,0.376,-0.176,0.239,0.324,-0.08500000000000002
"Siani, Michael","672279","2025","17","10",0.25,0.307,-0.056999999999999995,0.25,0.337,-0.08700000000000002,0.25,0.309,-0.059
"Lee, Korey","686676","2025","17","12",0.333,0.192,0.14100000000000001,0.467,0.267,0.2,0.388,0.257,0.131
"Workman, Gage","669398","2025","17","9",0.188,0.26,-0.07200000000000001,0.25,0.462,-0.21200000000000002,0.22,0.331,-0.11100000000000002
"Ornelas, Tirso","672359","2025","16","12",0.071,0.177,-0.106,0.071,0.387,-0.316,0.143,0.293,-0.15
"Profar, Jurickson","595777","2025","16","12",0.2,0.132,0.068,0.2,0.157,0.04300000000000001,0.21,0.165,0.044999999999999984
"Barrosa, Jorge","678489","2025","16","11",0.2,0.223,-0.022999999999999993,0.333,0.279,0.05399999999999999,0.214,0.213,0.0010000000000000009
"Mayer, Marcelo","691785","2025","16","12",0.333,0.327,0.006000000000000005,0.467,0.43,0.03700000000000003,0.369,0.348,0.02100000000000002
"Hurtubise, Jacob","674441","2025","15","6",0.083,0.153,-0.06999999999999999,0.083,0.177,-0.09399999999999999,0.203,0.259,-0.055999999999999994
"Barnhart, Tucker","571466","2025","14","8",0.25,0.163,0.087,0.25,0.207,0.04300000000000001,0.292,0.237,0.05499999999999999
"Brennan, Will","686823","2025","13","10",0.091,0.109,-0.018000000000000002,0.091,0.153,-0.062,0.178,0.205,-0.026999999999999996
"Mayo, Coby","691723","2025","13","6",0.083,0.125,-0.041999999999999996,0.083,0.152,-0.06899999999999999,0.122,0.165,-0.04300000000000001
"Crim, Blaine","688760","2025","13","5",0,0.043,-0.043,0,0.054,-0.054,0.109,0.145,-0.03599999999999999
"Clarke, Denzel","672016","2025","13","4",0.077,0.09,-0.012999999999999998,0.077,0.1,-0.023000000000000007,0.069,0.083,-0.013999999999999999
"Campero, Gustavo","672569","2025","12","8",0.2,0.221,-0.02099999999999999,0.2,0.281,-0.08100000000000002,0.264,0.296,-0.03199999999999997
"Bae, Ji Hwan","678225","2025","12","6",0.091,0.137,-0.04600000000000001,0.091,0.385,-0.29400000000000004,0.132,0.257,-0.125
"Wisely, Brett","689172","2025","12","9",0,0.054,-0.054,0,0.09,-0.09,0,0.062,-0.062
"Vierling, Matt","663837","2025","11","10",0.182,0.187,-0.0050000000000000044,0.182,0.419,-0.237,0.162,0.251,-0.089
"McGuire, Reese","624512","2025","11","8",0.2,0.211,-0.010999999999999982,0.8,0.464,0.336,0.416,0.283,0.133
"Lile, Daylen","695734","2025","11","8",0.182,0.223,-0.04100000000000001,0.182,0.25,-0.068,0.162,0.207,-0.044999999999999984
"Narváez, Omar","553882","2025","10","7",0.286,0.234,0.05199999999999996,0.286,0.292,-0.006000000000000005,0.317,0.31,0.007000000000000006
"Peguero, Liover","678894","2025","10","6",0.222,0.155,0.067,0.222,0.173,0.049000000000000016,0.251,0.202,0.04899999999999999
"Montes, Coco","663796","2025","10","7",0.2,0.266,-0.066,0.2,0.309,-0.10899999999999999,0.178,0.251,-0.07300000000000001
"Solak, Nick","669256","2025","10","8",0.1,0.127,-0.026999999999999996,0.1,0.143,-0.04299999999999998,0.089,0.117,-0.02800000000000001
"Ahmed, Nick","605113","2025","10","6",0,0.163,-0.163,0,0.181,-0.181,0.07,0.206,-0.13599999999999998
"Osuna, Alejandro","696030","2025","10","6",0.375,0.391,-0.016000000000000014,0.375,0.464,-0.08900000000000002,0.406,0.439,-0.032999999999999974
"Thomas, Rhylan","689041","2025","10","9",0.125,0.144,-0.01899999999999999,0.25,0.17,0.07999999999999999,0.196,0.18,0.016000000000000014
"Tromp, Chadwick","644433","2025","10","5",0,0.047,-0.047,0,0.062,-0.062,0.07,0.119,-0.04899999999999999
"Maile, Luke","571912","2025","10","7",0.375,0.431,-0.055999999999999994,0.75,0.872,-0.122,0.525,0.58,-0.05499999999999994
"Young, Jared","676724","2025","9","7",0.25,0.241,0.009000000000000008,0.75,0.654,0.09599999999999997,0.453,0.408,0.04500000000000004
"Taylor, Samad","669392","2025","9","8",0.125,0.201,-0.07600000000000001,0.125,0.269,-0.14400000000000002,0.111,0.203,-0.09200000000000001
"Davis, J.D.","605204","2025","9","6",0.111,0.121,-0.009999999999999995,0.111,0.162,-0.051000000000000004,0.099,0.121,-0.021999999999999992
"Rosario, Eddie","592696","2025","8","6",0.125,0.269,-0.14400000000000002,0.125,0.568,-0.44299999999999995,0.111,0.349,-0.238
"Stevenson, Cal","670276","2025","8","6",0.25,0.147,0.10300000000000001,0.25,0.217,0.033,0.223,0.154,0.069
"Rave, John","670231","2025","8","5",0,0.118,-0.118,0,0.161,-0.161,0.099,0.204,-0.10499999999999998
"Fulford, Braxton","690924","2025","8","3",0.125,0.128,-0.0030000000000000027,0.5,0.504,-0.0040000000000000036,0.26,0.253,0.007000000000000006
"Brantly, Rob","542963","2025","7","6",0.429,0.233,0.19599999999999998,0.429,0.266,0.16299999999999998,0.382,0.219,0.163
"Loftin, Nick","679845","2025","7","7",0.167,0.362,-0.19499999999999998,0.333,0.582,-0.24899999999999994,0.181,0.368,-0.187
"Cheng, Tsung-Che","691907","2025","7","4",0,0.164,-0.164,0,0.226,-0.226,0,0.168,-0.168
"Callihan, Tyler","682997","2025","6","5",0.167,0.191,-0.023999999999999994,0.167,0.234,-0.067,0.148,0.183,-0.035
"Ornelas, Jonathan","680716","2025","6","2",0,0.065,-0.065,0,0.066,-0.066,0.116,0.164,-0.048
"Alexander, CJ","680769","2025","6","5",0.333,0.37,-0.03699999999999998,0.333,0.415,-0.08199999999999996,0.297,0.347,-0.04999999999999999
"McCoy, Mason","669200","2025","5","2",0,0.069,-0.069,0,0.075,-0.075,0,0.062,-0.062
"Mesa Jr., Victor","683748","2025","5","4",0.2,0.142,0.058000000000000024,0.2,0.202,-0.0020000000000000018,0.178,0.147,0.031
"Rodríguez, Johnathan","671286","2025","5","2",0,0.018,-0.018,0,0.03,-0.03,0,0.021,-0.021
"McCusker, Carson","676812","2025","5","1",0,0.03,-0.03,0,0.03,-0.03,0,0.027,-0.027
"Davidson, Logan","669722","2025","5","2",0.5,0.124,0.376,0.75,0.196,0.554,0.571,0.249,0.32199999999999995
"Tolbert, Tyler","686475","2025","5","3",0,0.154,-0.154,0,0.236,-0.236,0,0.167,-0.167
"Blanco, Dairon","680118","2025","4","3",0.333,0.344,-0.010999999999999954,0.667,0.404,0.263,0.423,0.327,0.09599999999999997
"Hicklen, Brewer","676551","2025","4","2",0.667,0.239,0.42800000000000005,0.667,0.424,0.24300000000000005,0.619,0.382,0.237
"MacIver, Willie","680862","2025","4","3",0.25,0.35,-0.09999999999999998,0.25,0.39,-0.14,0.223,0.325,-0.10200000000000001
"Palacios, Richie","680700","2025","4","4",0.75,0.608,0.14200000000000002,1,0.726,0.274,0.763,0.577,0.18600000000000005
"Lipscomb, Trey","702358","2025","4","3",0.5,0.154,0.346,0.5,0.157,0.34299999999999997,0.445,0.14,0.305
"Sánchez, Ali","645305","2025","3","2",0.333,0.181,0.15200000000000002,0.333,0.208,0.12500000000000003,0.297,0.172,0.125
"Pérez, Wenceel","672761","2025","3","1",0.333,0.204,0.12900000000000003,1.333,0.624,0.709,0.693,0.341,0.3519999999999999
"Gonzales, Nick","693304","2025","3","1",0.333,0.182,0.15100000000000002,1.333,0.466,0.867,0.693,0.269,0.42399999999999993
"Canzone, Dominic","686527","2025","3","1",0,0.003,-0.003,0,0.005,-0.005,0,0.003,-0.003
"Fitzgerald, Ryan","680837","2025","3","3",0,0.067,-0.067,0,0.09,-0.09,0,0.068,-0.068
"Feduccia, Hunter","676439","2025","3","1",0,0.14,-0.14,0,0.149,-0.149,0.232,0.316,-0.08399999999999999
"Avans, Drew","682183","2025","1","1",1,0.454,0.546,1,0.502,0.498,0.891,0.414,0.47700000000000004
"Salazar, César","663967","2025","1","1",0,0.083,-0.083,0,0.281,-0.281,0,0.145,-0.145
"Kavadas, Niko","694359","2025","1","1",0,0.017,-0.017,0,0.037,-0.037,0,0.025,-0.025
"Williams, Luke","663897","2025","1","1",0,0.006,-0.006,0,0.012,-0.012,0,0.006,-0.006
"Nelson, Ryne","669194","2025","1","1",1,0.143,0.857,1,0.194,0.806,0.891,0.158,0.733