"last_name, first_name","player_id","year","pa","bip","ba","est_ba","est_ba_minus_ba_diff","slg","est_slg","est_slg_minus_slg_diff","woba","est_woba","est_woba_minus_woba_diff","era","xera","era_minus_xera_diff"
"Webb, Logan","657277","2025","301","199",0.257,0.249,0.008000000000000007,0.361,0.356,0.0050000000000000044,0.291,0.285,0.006000000000000005,"2.82","2.98","-0.157"
"Crochet, Garrett","676979","2025","299","186",0.204,0.228,-0.02400000000000002,0.299,0.374,-0.07500000000000001,0.257,0.295,-0.03799999999999998,"2.04","3.20","-1.16"
"Rodón, Carlos","607074","2025","284","168",0.164,0.204,-0.03999999999999998,0.289,0.348,-0.059,0.24,0.278,-0.038000000000000034,"2.60","2.83","-0.229"
"Severino, Luis","622663","2025","280","207",0.248,0.28,-0.03200000000000003,0.358,0.401,-0.04300000000000004,0.297,0.325,-0.028000000000000025,"4.11","3.96","0.152"
"Valdez, Framber","664285","2025","278","188",0.225,0.258,-0.033,0.349,0.411,-0.062,0.289,0.327,-0.038000000000000034,"3.39","4.01","-0.619"
"Irvin, Jake","663623","2025","278","211",0.217,0.273,-0.05600000000000002,0.38,0.512,-0.132,0.289,0.358,-0.069,"3.42","4.93","-1.506"
"Fried, Max","608331","2025","277","190",0.191,0.242,-0.05099999999999999,0.273,0.388,-0.11499999999999999,0.238,0.301,-0.063,"1.29","3.35","-2.064"
"Schwellenbach, Spencer","680885","2025","276","202",0.231,0.278,-0.047000000000000014,0.396,0.433,-0.03699999999999998,0.289,0.322,-0.03300000000000003,"3.42","3.88","-0.456"
"Keller, Mitch","656605","2025","273","197",0.262,0.278,-0.016000000000000014,0.377,0.421,-0.043999999999999984,0.31,0.33,-0.020000000000000018,"3.66","4.09","-0.434"
"Luzardo, Jesús","666200","2025","273","176",0.239,0.236,0.0030000000000000027,0.323,0.345,-0.021999999999999964,0.277,0.284,-0.006999999999999951,"2.15","2.96","-0.811"
"Berríos, José","621244","2025","272","187",0.253,0.268,-0.015000000000000013,0.436,0.493,-0.056999999999999995,0.337,0.363,-0.025999999999999968,"4.22","5.09","-0.871"
"Lorenzen, Michael","547179","2025","272","199",0.274,0.262,0.01200000000000001,0.464,0.447,0.017000000000000015,0.344,0.333,0.010999999999999954,"4.33","4.18","0.152"
"Soriano, José","667755","2025","272","193",0.277,0.269,0.008000000000000007,0.349,0.386,-0.03700000000000003,0.322,0.33,-0.008000000000000007,"3.73","4.09","-0.356"
"Wheeler, Zack","554430","2025","269","165",0.19,0.191,-0.0010000000000000009,0.332,0.309,0.02300000000000002,0.253,0.242,0.01100000000000001,"2.42","2.14","0.28"
"Lodolo, Nick","666157","2025","268","194",0.237,0.259,-0.02200000000000002,0.376,0.439,-0.063,0.294,0.326,-0.03200000000000003,"3.39","3.98","-0.587"
"Bubic, Kris","663460","2025","268","176",0.199,0.222,-0.022999999999999993,0.28,0.341,-0.061,0.247,0.277,-0.030000000000000027,"1.45","2.81","-1.361"
"Skenes, Paul","694973","2025","267","178",0.19,0.212,-0.021999999999999992,0.294,0.329,-0.03500000000000003,0.244,0.264,-0.020000000000000018,"2.36","2.54","-0.181"
"Gallen, Zac","668678","2025","267","173",0.235,0.24,-0.0050000000000000044,0.432,0.433,-0.0010000000000000009,0.331,0.332,-0.0010000000000000009,"5.25","4.15","1.104"
"Eovaldi, Nathan","543135","2025","266","178",0.185,0.242,-0.056999999999999995,0.277,0.409,-0.13199999999999995,0.226,0.301,-0.07499999999999998,"1.56","3.35","-1.792"
"Bassitt, Chris","605135","2025","266","188",0.272,0.255,0.017000000000000015,0.408,0.401,0.006999999999999951,0.317,0.303,0.014000000000000012,"3.38","3.39","-0.015"
"Castillo, Luis","622491","2025","265","193",0.249,0.27,-0.02100000000000002,0.361,0.438,-0.07700000000000001,0.299,0.335,-0.03600000000000003,"3.32","4.23","-0.909"
"Cannon, Jonathan","686563","2025","265","197",0.266,0.266,0,0.436,0.447,-0.01100000000000001,0.333,0.335,-0.0020000000000000018,"4.15","4.23","-0.076"
"Kremer, Dean","665152","2025","265","204",0.28,0.269,0.01100000000000001,0.476,0.463,0.012999999999999956,0.347,0.336,0.010999999999999954,"5.02","4.26","0.756"
"Kochanowicz, Jack","686799","2025","264","191",0.276,0.265,0.01100000000000001,0.417,0.43,-0.013000000000000012,0.345,0.347,-0.0020000000000000018,"5.07","4.59","0.482"
"Bradley, Taj","671737","2025","264","181",0.237,0.232,0.004999999999999977,0.397,0.377,0.020000000000000018,0.317,0.306,0.01100000000000001,"4.38","3.47","0.912"
"Pallante, Andre","669467","2025","264","199",0.254,0.281,-0.027000000000000024,0.433,0.447,-0.014000000000000012,0.33,0.344,-0.013999999999999957,"4.23","4.50","-0.268"
"Skubal, Tarik","669373","2025","263","161",0.203,0.219,-0.015999999999999986,0.291,0.356,-0.065,0.233,0.262,-0.028999999999999998,"2.49","2.50","-0.01"
"Sale, Chris","519242","2025","262","163",0.265,0.236,0.029000000000000026,0.424,0.387,0.03699999999999998,0.329,0.3,0.029000000000000026,"3.36","3.32","0.037"
"Bibee, Tanner","676440","2025","261","188",0.249,0.246,0.0030000000000000027,0.451,0.436,0.015000000000000013,0.333,0.324,0.009000000000000008,"3.86","3.93","-0.073"
"Pfaadt, Brandon","694297","2025","261","193",0.253,0.315,-0.062,0.452,0.574,-0.12199999999999994,0.33,0.398,-0.068,"3.90","6.36","-2.462"
"Kikuchi, Yusei","579328","2025","261","176",0.258,0.26,-0.0020000000000000018,0.376,0.444,-0.068,0.323,0.347,-0.023999999999999966,"3.17","4.59","-1.422"
"Martin, Davis","663436","2025","261","204",0.263,0.304,-0.04099999999999998,0.421,0.497,-0.07600000000000001,0.322,0.368,-0.045999999999999985,"3.45","5.26","-1.813"
"Littell, Zack","641793","2025","260","205",0.249,0.275,-0.026000000000000023,0.465,0.52,-0.05499999999999999,0.321,0.351,-0.02999999999999997,"3.98","4.71","-0.735"
"Fedde, Erick","607200","2025","260","193",0.239,0.287,-0.04799999999999999,0.37,0.478,-0.10799999999999998,0.31,0.366,-0.055999999999999994,"3.90","5.19","-1.292"
"Pepiot, Ryan","686752","2025","260","188",0.248,0.27,-0.02200000000000002,0.45,0.461,-0.01100000000000001,0.327,0.344,-0.01699999999999996,"3.55","4.50","-0.947"
"Anderson, Tyler","542881","2025","260","188",0.216,0.238,-0.021999999999999992,0.411,0.444,-0.03300000000000003,0.304,0.324,-0.020000000000000018,"3.39","3.93","-0.537"
"Meyer, Max","676974","2025","260","176",0.262,0.263,-0.0010000000000000009,0.435,0.449,-0.014000000000000012,0.331,0.34,-0.009000000000000008,"4.53","4.38","0.145"
"Wacha, Michael","608379","2025","259","196",0.257,0.268,-0.01100000000000001,0.371,0.427,-0.055999999999999994,0.301,0.322,-0.02100000000000002,"3.21","3.88","-0.669"
"Parker, Mitchell","680730","2025","259","190",0.24,0.263,-0.02300000000000002,0.378,0.434,-0.055999999999999994,0.311,0.342,-0.031000000000000028,"4.65","4.44","0.21"
"Senzatela, Antonio","622608","2025","259","214",0.375,0.338,0.03699999999999998,0.563,0.566,-0.0030000000000000027,0.422,0.405,0.01699999999999996,"6.50","6.65","-0.15"
"Freeland, Kyle","607536","2025","256","198",0.336,0.306,0.030000000000000027,0.475,0.476,-0.0010000000000000009,0.366,0.35,0.016000000000000014,"5.86","4.68","1.175"
"Sugano, Tomoyuki","608372","2025","256","209",0.238,0.28,-0.04200000000000004,0.418,0.486,-0.068,0.302,0.343,-0.041000000000000036,"3.23","4.47","-1.236"
"Martinez, Nick","607259","2025","256","197",0.248,0.256,-0.008000000000000007,0.408,0.384,0.023999999999999966,0.303,0.299,0.0040000000000000036,"3.48","3.30","0.179"
"Ray, Robbie","592662","2025","256","160",0.204,0.209,-0.0050000000000000044,0.314,0.34,-0.026000000000000023,0.272,0.285,-0.012999999999999956,"2.56","2.98","-0.422"
"Gore, MacKenzie","669022","2025","256","142",0.246,0.23,0.015999999999999986,0.397,0.41,-0.012999999999999956,0.31,0.307,0.0030000000000000027,"3.46","3.49","-0.025"
"Kelly, Merrill","518876","2025","255","180",0.206,0.257,-0.05100000000000002,0.349,0.442,-0.09300000000000003,0.269,0.324,-0.05499999999999999,"3.52","3.93","-0.414"
"Gray, Sonny","543243","2025","254","171",0.25,0.268,-0.018000000000000016,0.407,0.458,-0.051000000000000045,0.308,0.332,-0.02400000000000002,"4.07","4.15","-0.085"
"Heaney, Andrew","571760","2025","254","183",0.222,0.277,-0.05500000000000002,0.391,0.45,-0.059,0.309,0.351,-0.04199999999999998,"3.41","4.71","-1.298"
"Gausman, Kevin","592332","2025","254","181",0.209,0.252,-0.04300000000000001,0.364,0.455,-0.09100000000000003,0.263,0.315,-0.05199999999999999,"3.68","3.69","-0.008"
"Brown, Hunter","686613","2025","253","158",0.194,0.233,-0.03900000000000001,0.308,0.366,-0.057999999999999996,0.247,0.284,-0.03699999999999998,"2.00","2.96","-0.965"
"Taillon, Jameson","592791","2025","253","190",0.226,0.251,-0.024999999999999994,0.473,0.487,-0.014000000000000012,0.317,0.329,-0.01200000000000001,"3.86","4.07","-0.213"
"Holmes, Clay","605280","2025","252","170",0.234,0.24,-0.005999999999999978,0.338,0.392,-0.05399999999999999,0.293,0.318,-0.025000000000000022,"2.98","3.77","-0.787"
"Ober, Bailey","641927","2025","250","189",0.275,0.266,0.009000000000000008,0.429,0.435,-0.006000000000000005,0.326,0.321,0.0050000000000000044,"3.41","3.85","-0.436"
"Singer, Brady","663903","2025","250","177",0.246,0.267,-0.02100000000000002,0.402,0.452,-0.04999999999999999,0.317,0.344,-0.02699999999999997,"4.60","4.50","0.102"
"Springs, Jeffrey","605488","2025","250","180",0.22,0.245,-0.024999999999999994,0.399,0.414,-0.014999999999999958,0.301,0.319,-0.018000000000000016,"3.97","3.80","0.166"
"Woo, Bryan","693433","2025","249","179",0.216,0.239,-0.022999999999999993,0.318,0.394,-0.07600000000000001,0.249,0.288,-0.03899999999999998,"2.40","3.05","-0.647"
"Peralta, Freddy","642547","2025","248","161",0.201,0.227,-0.025999999999999995,0.32,0.386,-0.066,0.276,0.307,-0.030999999999999972,"2.55","3.49","-0.94"
"Peterson, David","656849","2025","247","167",0.237,0.261,-0.02400000000000002,0.352,0.377,-0.025000000000000022,0.299,0.316,-0.017000000000000015,"2.79","3.72","-0.927"
"Cease, Dylan","656302","2025","247","153",0.243,0.237,0.006000000000000005,0.405,0.413,-0.007999999999999952,0.312,0.309,0.0030000000000000027,"4.58","3.54","1.036"
"deGrom, Jacob","594798","2025","247","170",0.203,0.228,-0.024999999999999994,0.364,0.393,-0.029000000000000026,0.27,0.289,-0.01899999999999996,"2.42","3.07","-0.654"
"Sears, JP","676664","2025","246","189",0.267,0.262,0.0050000000000000044,0.504,0.495,0.009000000000000008,0.352,0.341,0.010999999999999954,"5.18","4.41","0.77"
"Yamamoto, Yoshinobu","808967","2025","246","150",0.17,0.208,-0.03799999999999998,0.277,0.309,-0.03199999999999997,0.236,0.263,-0.027000000000000024,"1.97","2.52","-0.551"
"Burnes, Corbin","669203","2025","246","161",0.209,0.237,-0.027999999999999997,0.358,0.399,-0.041000000000000036,0.294,0.318,-0.02400000000000002,"2.71","3.77","-1.055"
"Márquez, Germán","608566","2025","245","189",0.309,0.288,0.02100000000000002,0.464,0.438,0.026000000000000023,0.369,0.348,0.02100000000000002,"7.13","4.62","2.512"
"Ryan, Joe","657746","2025","242","154",0.191,0.206,-0.014999999999999986,0.347,0.421,-0.07400000000000001,0.263,0.293,-0.02999999999999997,"2.57","3.16","-0.589"
"Holmes, Grant","656550","2025","241","158",0.199,0.243,-0.043999999999999984,0.374,0.428,-0.05399999999999999,0.297,0.334,-0.03700000000000003,"3.68","4.20","-0.518"
"Burke, Sean","680732","2025","241","168",0.238,0.269,-0.031000000000000028,0.432,0.523,-0.09100000000000003,0.346,0.386,-0.040000000000000036,"4.33","5.90","-1.567"
"Patrick, Chad","694477","2025","241","169",0.249,0.262,-0.013000000000000012,0.364,0.415,-0.05099999999999999,0.3,0.322,-0.02200000000000002,"2.96","3.88","-0.915"
"Flaherty, Jack","656427","2025","241","148",0.215,0.241,-0.025999999999999995,0.411,0.447,-0.03600000000000003,0.304,0.325,-0.02100000000000002,"3.94","3.96","-0.016"
"Vásquez, Randy","681190","2025","239","177",0.24,0.273,-0.03300000000000003,0.365,0.505,-0.14,0.316,0.377,-0.061,"3.58","5.57","-1.992"
"Falter, Bailey","663559","2025","238","176",0.223,0.247,-0.023999999999999994,0.36,0.403,-0.04300000000000004,0.289,0.311,-0.02200000000000002,"3.47","3.59","-0.121"
"Paddack, Chris","663978","2025","238","178",0.236,0.25,-0.014000000000000012,0.358,0.429,-0.07100000000000001,0.29,0.325,-0.03500000000000003,"3.92","3.96","-0.036"
"Liberatore, Matthew","669461","2025","237","176",0.229,0.247,-0.017999999999999988,0.322,0.375,-0.05299999999999999,0.259,0.284,-0.024999999999999967,"2.73","2.96","-0.23"
"Francis, Bowden","670102","2025","237","171",0.271,0.286,-0.014999999999999958,0.514,0.496,0.018000000000000016,0.363,0.365,-0.0020000000000000018,"5.04","5.16","-0.118"
"Megill, Tylor","656731","2025","237","134",0.227,0.226,0.0010000000000000009,0.32,0.35,-0.02999999999999997,0.295,0.311,-0.016000000000000014,"3.52","3.59","-0.068"
"Boyd, Matthew","571510","2025","236","160",0.272,0.249,0.02300000000000002,0.427,0.389,0.03799999999999998,0.334,0.308,0.026000000000000023,"3.42","3.52","-0.104"
"Mahle, Tyler","641816","2025","235","171",0.192,0.26,-0.068,0.254,0.4,-0.14600000000000002,0.239,0.321,-0.08200000000000002,"1.80","3.85","-2.05"
"May, Dustin","669160","2025","234","152",0.233,0.264,-0.031,0.381,0.44,-0.059,0.31,0.341,-0.031000000000000028,"4.20","4.41","-0.206"
"Brown, Ben","676962","2025","234","151",0.297,0.267,0.02999999999999997,0.439,0.446,-0.007000000000000006,0.352,0.339,0.012999999999999956,"6.39","4.35","2.045"
"Baz, Shane","669358","2025","233","156",0.262,0.246,0.016000000000000014,0.447,0.419,0.028000000000000025,0.347,0.327,0.019999999999999962,"4.94","4.01","0.929"
"Williams, Gavin","668909","2025","233","141",0.255,0.264,-0.009000000000000008,0.41,0.455,-0.04500000000000004,0.343,0.358,-0.014999999999999958,"4.27","4.93","-0.658"
"Ortiz, Luis L.","682847","2025","233","146",0.235,0.262,-0.027000000000000024,0.392,0.492,-0.09999999999999998,0.32,0.363,-0.04299999999999998,"4.72","5.09","-0.365"
"Sánchez, Cristopher","650911","2025","230","141",0.233,0.228,0.0050000000000000044,0.369,0.337,0.03199999999999997,0.306,0.291,0.015000000000000013,"3.17","3.11","0.057"
"Senga, Kodai","673540","2025","228","149",0.214,0.232,-0.018000000000000016,0.328,0.36,-0.03199999999999997,0.289,0.306,-0.017000000000000015,"1.46","3.47","-2.015"
"Roupp, Landen","694738","2025","227","160",0.267,0.251,0.016000000000000014,0.413,0.395,0.01799999999999996,0.324,0.309,0.015000000000000013,"3.63","3.54","0.095"
"King, Michael","650633","2025","225","142",0.195,0.208,-0.012999999999999984,0.327,0.371,-0.043999999999999984,0.264,0.284,-0.019999999999999962,"2.59","2.96","-0.373"
"Verlander, Justin","434378","2025","225","162",0.257,0.275,-0.018000000000000016,0.446,0.494,-0.04799999999999999,0.34,0.361,-0.020999999999999963,"4.33","5.03","-0.703"
"Williams, Trevor","592866","2025","224","166",0.305,0.271,0.033999999999999975,0.458,0.396,0.062,0.355,0.318,0.03699999999999998,"6.38","3.77","2.615"
"Smith, Shane","681343","2025","223","150",0.207,0.241,-0.034,0.313,0.366,-0.05299999999999999,0.276,0.309,-0.032999999999999974,"2.36","3.54","-1.178"
"Pivetta, Nick","601713","2025","223","141",0.192,0.233,-0.04100000000000001,0.32,0.44,-0.12,0.261,0.319,-0.057999999999999996,"2.72","3.80","-1.084"
"Hendricks, Kyle","543294","2025","223","171",0.252,0.259,-0.007000000000000006,0.45,0.458,-0.008000000000000007,0.333,0.339,-0.006000000000000005,"5.23","4.35","0.881"
"Lugo, Seth","607625","2025","222","164",0.23,0.282,-0.05199999999999996,0.402,0.488,-0.08599999999999997,0.3,0.351,-0.05099999999999999,"3.02","4.71","-1.692"
"Nola, Aaron","605400","2025","220","149",0.295,0.284,0.01100000000000001,0.505,0.479,0.026000000000000023,0.376,0.357,0.019000000000000017,"6.16","4.90","1.261"
"Morton, Charlie","450203","2025","219","145",0.28,0.273,0.007000000000000006,0.495,0.471,0.02400000000000002,0.375,0.363,0.01200000000000001,"7.08","5.09","1.995"
"Allen, Logan","671106","2025","219","156",0.283,0.258,0.024999999999999967,0.412,0.446,-0.03400000000000003,0.344,0.349,-0.0050000000000000044,"4.31","4.65","-0.337"
"Warren, Will","701542","2025","218","129",0.227,0.242,-0.014999999999999986,0.356,0.381,-0.025000000000000022,0.292,0.305,-0.013000000000000012,"4.09","3.44","0.646"
"Alcantara, Sandy","645261","2025","216","148",0.265,0.27,-0.0050000000000000044,0.449,0.473,-0.023999999999999966,0.352,0.361,-0.009000000000000008,"8.04","5.03","3.013"
"Hicks, Jordan","663855","2025","213","150",0.289,0.266,0.022999999999999965,0.416,0.371,0.044999999999999984,0.344,0.316,0.02799999999999997,"6.33","3.72","2.611"
"Mikolas, Miles","571945","2025","213","164",0.228,0.258,-0.03,0.337,0.466,-0.129,0.282,0.339,-0.05700000000000005,"3.51","4.35","-0.844"
"Rodriguez, Eduardo","593958","2025","211","141",0.309,0.266,0.04299999999999998,0.532,0.451,0.08100000000000002,0.383,0.339,0.043999999999999984,"7.05","4.35","2.702"
"Canning, Griffin","656288","2025","209","142",0.238,0.249,-0.01100000000000001,0.36,0.421,-0.061,0.301,0.324,-0.02300000000000002,"2.88","3.93","-1.05"
"Houck, Tanner","656557","2025","203","149",0.318,0.301,0.017000000000000015,0.531,0.496,0.03500000000000003,0.4,0.381,0.019000000000000017,"8.04","5.72","2.318"
"López, Pablo","641154","2025","203","137",0.212,0.226,-0.014000000000000012,0.302,0.359,-0.056999999999999995,0.25,0.278,-0.028000000000000025,"2.31","2.83","-0.521"
"Rasmussen, Drew","656876","2025","202","145",0.213,0.252,-0.03900000000000001,0.34,0.38,-0.03999999999999998,0.271,0.3,-0.02899999999999997,"2.60","3.32","-0.724"
"Povich, Cade","700249","2025","202","141",0.272,0.293,-0.020999999999999963,0.451,0.552,-0.10100000000000003,0.341,0.384,-0.04299999999999998,"4.86","5.83","-0.974"
"Olson, Reese","681857","2025","201","127",0.215,0.235,-0.01999999999999999,0.294,0.367,-0.07300000000000001,0.275,0.306,-0.030999999999999972,"2.96","3.47","-0.511"
"Blanco, Ronel","669854","2025","199","131",0.21,0.204,0.006000000000000005,0.381,0.357,0.02400000000000002,0.296,0.282,0.014000000000000012,"4.10","2.91","1.187"
"Corbin, Patrick","571578","2025","199","144",0.257,0.26,-0.0030000000000000027,0.453,0.449,0.0040000000000000036,0.338,0.342,-0.0040000000000000036,"3.75","4.44","-0.69"
"Bido, Osvaldo","674370","2025","198","149",0.302,0.267,0.034999999999999976,0.541,0.498,0.04300000000000004,0.385,0.359,0.026000000000000023,"5.82","4.96","0.855"
"Jobe, Jackson","695549","2025","195","134",0.235,0.245,-0.010000000000000009,0.392,0.444,-0.05199999999999999,0.325,0.343,-0.018000000000000016,"4.06","4.47","-0.41"
"Greene, Hunter","668881","2025","193","118",0.177,0.196,-0.019000000000000017,0.359,0.385,-0.026000000000000023,0.258,0.272,-0.014000000000000012,"2.54","2.70","-0.163"
"Rea, Colin","607067","2025","193","139",0.261,0.263,-0.0020000000000000018,0.392,0.443,-0.05099999999999999,0.311,0.332,-0.02100000000000002,"3.28","4.15","-0.871"
"Priester, Quinn","682990","2025","193","138",0.244,0.262,-0.018000000000000016,0.399,0.404,-0.0050000000000000044,0.326,0.334,-0.008000000000000007,"4.23","4.20","0.031"
"Ragans, Cole","666142","2025","191","105",0.241,0.19,0.05099999999999999,0.391,0.315,0.07600000000000001,0.301,0.248,0.05299999999999999,"4.53","2.24","2.293"
"Newcomb, Sean","656794","2025","190","129",0.327,0.279,0.04799999999999999,0.423,0.428,-0.0050000000000000044,0.364,0.345,0.019000000000000017,"3.95","4.53","-0.579"
"Quantrill, Cal","615698","2025","189","142",0.297,0.297,0,0.477,0.493,-0.016000000000000014,0.363,0.367,-0.0040000000000000036,"6.09","5.23","0.86"
"Mize, Casey","663554","2025","188","137",0.215,0.208,0.007000000000000006,0.362,0.369,-0.007000000000000006,0.271,0.268,0.0030000000000000027,"2.46","2.62","-0.165"
"Imanaga, Shota","684007","2025","181","133",0.211,0.254,-0.04300000000000001,0.386,0.495,-0.10899999999999999,0.29,0.346,-0.055999999999999994,"2.82","4.56","-1.739"
"Elder, Bryce","693821","2025","181","134",0.255,0.28,-0.025000000000000022,0.467,0.48,-0.012999999999999956,0.336,0.348,-0.011999999999999955,"4.50","4.62","-0.12"
"Smith-Shawver, AJ","700363","2025","180","119",0.245,0.301,-0.055999999999999994,0.365,0.486,-0.121,0.313,0.377,-0.064,"3.67","5.57","-1.898"
"Mlodzinski, Carmen","669387","2025","180","139",0.311,0.313,-0.0020000000000000018,0.485,0.488,-0.0030000000000000027,0.37,0.367,0.0030000000000000027,"5.67","5.23","0.442"
"Lively, Ben","594902","2025","178","134",0.233,0.256,-0.022999999999999993,0.393,0.471,-0.07799999999999996,0.306,0.339,-0.03300000000000003,"3.22","4.35","-1.126"
"Hancock, Emerson","676106","2025","178","136",0.325,0.317,0.008000000000000007,0.528,0.507,0.02100000000000002,0.393,0.377,0.016000000000000014,"5.95","5.57","0.379"
"Wilson, Bryse","669060","2025","175","133",0.325,0.327,-0.0020000000000000018,0.539,0.573,-0.03399999999999992,0.402,0.421,-0.01899999999999996,"5.84","7.34","-1.502"
"Miller, Bryce","682243","2025","174","117",0.268,0.282,-0.013999999999999957,0.409,0.399,0.009999999999999953,0.339,0.345,-0.00599999999999995,"5.22","4.53","0.688"
"Cabrera, Edward","665795","2025","173","113",0.258,0.244,0.014000000000000012,0.432,0.413,0.019000000000000017,0.335,0.319,0.016000000000000014,"4.72","3.80","0.925"
"Leiter, Jack","683004","2025","172","120",0.2,0.263,-0.063,0.32,0.458,-0.138,0.285,0.356,-0.07100000000000001,"4.17","4.87","-0.699"
"Walker, Taijuan","592836","2025","172","121",0.23,0.251,-0.02099999999999999,0.342,0.376,-0.033999999999999975,0.294,0.313,-0.019000000000000017,"2.98","3.64","-0.665"
"Dollander, Chase","801403","2025","172","114",0.248,0.26,-0.01200000000000001,0.477,0.548,-0.07100000000000006,0.353,0.381,-0.028000000000000025,"6.28","5.72","0.564"
"Buehler, Walker","621111","2025","170","117",0.238,0.251,-0.013000000000000012,0.391,0.416,-0.024999999999999967,0.31,0.324,-0.014000000000000012,"3.95","3.93","0.021"
"Woods Richardson, Simeon","680573","2025","166","115",0.295,0.28,0.014999999999999958,0.503,0.556,-0.05300000000000005,0.377,0.383,-0.006000000000000005,"5.02","5.79","-0.772"
"Abbott, Andrew","671096","2025","165","102",0.204,0.22,-0.016000000000000014,0.327,0.4,-0.07300000000000001,0.281,0.311,-0.02999999999999997,"1.77","3.59","-1.82"
"Lord, Brad","695418","2025","164","114",0.283,0.307,-0.02400000000000002,0.414,0.449,-0.03500000000000003,0.342,0.363,-0.020999999999999963,"4.58","5.09","-0.51"
"Gusto, Ryan","687473","2025","160","105",0.266,0.257,0.009000000000000008,0.448,0.452,-0.0040000000000000036,0.349,0.343,0.00599999999999995,"4.58","4.47","0.115"
"Bello, Brayan","678394","2025","160","111",0.294,0.302,-0.008000000000000007,0.426,0.456,-0.030000000000000027,0.365,0.375,-0.010000000000000009,"4.08","5.50","-1.425"
"Schmidt, Clarke","657376","2025","157","100",0.23,0.221,0.009000000000000008,0.4,0.367,0.03300000000000003,0.319,0.301,0.018000000000000016,"4.58","3.35","1.23"
"Dobbins, Hunter","690928","2025","155","115",0.286,0.246,0.03999999999999998,0.442,0.428,0.014000000000000012,0.335,0.308,0.027000000000000024,"4.21","3.52","0.691"
"Montero, Keider","672456","2025","154","113",0.265,0.262,0.0030000000000000027,0.426,0.428,-0.0020000000000000018,0.343,0.34,0.0030000000000000027,"4.54","4.38","0.162"
"Sasaki, Roki","808963","2025","154","105",0.225,0.266,-0.04100000000000001,0.411,0.513,-0.10200000000000004,0.342,0.39,-0.04799999999999999,"4.72","6.05","-1.332"
"Nelson, Ryne","669194","2025","154","108",0.204,0.266,-0.06200000000000003,0.338,0.402,-0.064,0.269,0.318,-0.04899999999999999,"3.79","3.77","0.019"
"Spence, Mitch","687765","2025","153","103",0.257,0.252,0.0050000000000000044,0.419,0.43,-0.01100000000000001,0.328,0.331,-0.0030000000000000027,"4.46","4.12","0.336"
"Alexander, Tyler","641302","2025","152","110",0.265,0.279,-0.014000000000000012,0.36,0.459,-0.09900000000000003,0.308,0.347,-0.03899999999999998,"5.24","4.59","0.653"
"Evans, Logan","688138","2025","144","109",0.256,0.296,-0.03999999999999998,0.436,0.487,-0.05099999999999999,0.326,0.358,-0.03199999999999997,"2.83","4.93","-2.101"
"Carrasco, Carlos","471911","2025","142","107",0.298,0.29,0.008000000000000007,0.527,0.47,0.05700000000000005,0.376,0.354,0.02200000000000002,"5.91","4.80","1.106"
"Yarbrough, Ryan","642232","2025","141","94",0.203,0.228,-0.024999999999999994,0.344,0.362,-0.018000000000000016,0.274,0.289,-0.014999999999999958,"3.06","3.07","-0.013"
"Birdsong, Hayden","806185","2025","140","91",0.244,0.238,0.006000000000000005,0.415,0.424,-0.009000000000000008,0.321,0.323,-0.0020000000000000018,"2.48","3.90","-1.42"
"Casparius, Ben","676508","2025","139","92",0.205,0.227,-0.02200000000000002,0.28,0.348,-0.06799999999999995,0.231,0.264,-0.033,"2.80","2.54","0.262"
"Quintana, Jose","500779","2025","138","103",0.246,0.271,-0.025000000000000022,0.389,0.448,-0.059,0.309,0.337,-0.028000000000000025,"2.65","4.29","-1.643"
"Eflin, Zach","621107","2025","137","112",0.266,0.237,0.029000000000000026,0.563,0.463,0.09999999999999992,0.366,0.313,0.05299999999999999,"5.40","3.64","1.76"
"Vasil, Mike","678024","2025","135","93",0.188,0.246,-0.057999999999999996,0.277,0.442,-0.16499999999999998,0.277,0.355,-0.07799999999999996,"2.30","4.83","-2.532"
"Feltner, Ryan","663372","2025","135","98",0.27,0.231,0.03900000000000001,0.443,0.357,0.08600000000000002,0.34,0.29,0.050000000000000044,"4.75","3.09","1.657"
"Chivilli, Angel","683409","2025","134","99",0.283,0.292,-0.009000000000000008,0.483,0.501,-0.018000000000000016,0.367,0.373,-0.006000000000000005,"6.14","5.43","0.706"
"Bird, Jake","656234","2025","133","78",0.211,0.216,-0.0050000000000000044,0.298,0.306,-0.008000000000000007,0.27,0.283,-0.012999999999999956,"1.67","2.94","-1.27"
"Wesneski, Hayden","669713","2025","131","95",0.24,0.259,-0.019000000000000017,0.479,0.481,-0.0020000000000000018,0.326,0.335,-0.009000000000000008,"4.50","4.23","0.27"
"Matz, Steven","571927","2025","130","99",0.226,0.229,-0.0030000000000000027,0.282,0.377,-0.09500000000000003,0.235,0.269,-0.03400000000000003,"1.91","2.64","-0.731"
"Kranick, Max","668820","2025","129","103",0.228,0.269,-0.04100000000000001,0.333,0.427,-0.09399999999999997,0.26,0.322,-0.062,"3.34","3.88","-0.54"
"Knack, Landon","689017","2025","129","90",0.256,0.287,-0.030999999999999972,0.479,0.513,-0.03400000000000003,0.345,0.37,-0.025000000000000022,"5.22","5.33","-0.114"
"Kolek, Stephen","663568","2025","129","94",0.259,0.257,0.0020000000000000018,0.345,0.391,-0.04600000000000004,0.297,0.315,-0.018000000000000016,"4.11","3.69","0.419"
"Suárez, Ranger","624133","2025","126","85",0.226,0.221,0.0050000000000000044,0.296,0.292,0.0040000000000000036,0.265,0.259,0.006000000000000005,"2.97","2.45","0.517"
"Buttó, José","676130","2025","124","84",0.271,0.281,-0.010000000000000009,0.393,0.486,-0.09299999999999997,0.336,0.368,-0.03199999999999997,"3.81","5.26","-1.448"
"Cantillo, Joey","676282","2025","123","73",0.229,0.247,-0.017999999999999988,0.431,0.417,0.014000000000000012,0.33,0.329,0.0010000000000000009,"3.81","4.07","-0.258"
"Gillispie, Connor","687362","2025","123","88",0.294,0.272,0.021999999999999964,0.56,0.505,0.05500000000000005,0.392,0.364,0.028000000000000025,"8.65","5.13","3.524"
"Brazobán, Huascar","623211","2025","122","79",0.168,0.213,-0.044999999999999984,0.243,0.318,-0.07500000000000001,0.23,0.279,-0.049000000000000016,"1.11","2.85","-1.737"
"Ferrer, Jose A.","678606","2025","121","84",0.302,0.249,0.05299999999999999,0.387,0.345,0.04200000000000004,0.342,0.302,0.040000000000000036,"6.15","3.37","2.782"
"Anderson, Grant","681982","2025","120","77",0.208,0.242,-0.034,0.283,0.346,-0.063,0.261,0.296,-0.034999999999999976,"2.86","3.23","-0.371"
"Whitlock, Garrett","676477","2025","120","72",0.238,0.233,0.004999999999999977,0.333,0.388,-0.05499999999999999,0.3,0.312,-0.01200000000000001,"3.90","3.62","0.284"
"Bellozo, Valente","678368","2025","119","83",0.223,0.232,-0.009000000000000008,0.35,0.442,-0.09200000000000003,0.303,0.335,-0.03200000000000003,"2.89","4.23","-1.337"
"Dreyer, Jack","676263","2025","119","76",0.192,0.179,0.013000000000000012,0.269,0.25,0.019000000000000017,0.241,0.234,0.0069999999999999785,"3.03","2.00","1.034"
"Gilbert, Logan","669302","2025","117","66",0.164,0.203,-0.03900000000000001,0.291,0.314,-0.02300000000000002,0.226,0.25,-0.023999999999999994,"2.37","2.28","0.094"
"García, Luis","472610","2025","116","78",0.28,0.287,-0.006999999999999951,0.42,0.452,-0.03200000000000003,0.341,0.353,-0.011999999999999955,"3.81","4.77","-0.962"
"Giolito, Lucas","608337","2025","115","84",0.295,0.29,0.0050000000000000044,0.457,0.512,-0.05499999999999999,0.35,0.362,-0.01200000000000001,"5.27","5.06","0.208"
"Wentz, Joey","666214","2025","115","81",0.245,0.264,-0.019000000000000017,0.373,0.421,-0.04799999999999999,0.303,0.331,-0.028000000000000025,"4.15","4.12","0.034"
"Hanifee, Brenan","669724","2025","114","90",0.283,0.275,0.007999999999999952,0.425,0.432,-0.007000000000000006,0.324,0.321,0.0030000000000000027,"3.16","3.85","-0.694"
"Jacob, Alek","689690","2025","114","80",0.323,0.276,0.046999999999999986,0.563,0.478,0.08499999999999996,0.421,0.374,0.046999999999999986,"6.94","5.47","1.473"
"Ashcraft, Graham","668933","2025","114","74",0.277,0.233,0.04400000000000001,0.366,0.328,0.03799999999999998,0.318,0.282,0.03600000000000003,"3.76","2.91","0.849"
"Herget, Jimmy","623474","2025","114","84",0.263,0.252,0.01100000000000001,0.404,0.403,0.0010000000000000009,0.331,0.328,0.0030000000000000027,"3.42","4.04","-0.622"
"Junis, Jakob","596001","2025","113","87",0.308,0.327,-0.019000000000000017,0.433,0.519,-0.08600000000000002,0.347,0.384,-0.03700000000000003,"4.56","5.83","-1.272"
"Beeks, Jalen","656222","2025","113","77",0.198,0.235,-0.03699999999999998,0.337,0.357,-0.019999999999999962,0.27,0.293,-0.022999999999999965,"3.29","3.16","0.133"
"Suter, Brent","608718","2025","113","90",0.21,0.254,-0.04400000000000001,0.333,0.411,-0.07799999999999996,0.258,0.305,-0.046999999999999986,"2.54","3.44","-0.899"
"Phillips, Tyler","663969","2025","113","89",0.26,0.275,-0.015000000000000013,0.413,0.448,-0.03500000000000003,0.324,0.339,-0.015000000000000013,"4.28","4.35","-0.07"
"Vargas, Carlos","672841","2025","113","82",0.291,0.236,0.05499999999999999,0.408,0.369,0.03899999999999998,0.327,0.285,0.04200000000000004,"3.12","2.98","0.135"
"Bachar, Lake","669199","2025","112","65",0.194,0.212,-0.017999999999999988,0.355,0.395,-0.040000000000000036,0.29,0.315,-0.025000000000000022,"4.72","3.69","1.035"
"Hoglund, Gunnar","680684","2025","112","81",0.275,0.284,-0.008999999999999952,0.49,0.541,-0.051000000000000045,0.356,0.372,-0.016000000000000014,"5.13","5.40","-0.273"
"Henriquez, Ronny","678692","2025","111","61",0.202,0.202,0,0.298,0.377,-0.07900000000000001,0.274,0.297,-0.022999999999999965,"1.78","3.25","-1.474"
"Ross, Joe","605452","2025","111","84",0.27,0.28,-0.010000000000000009,0.49,0.505,-0.015000000000000013,0.344,0.352,-0.008000000000000007,"4.26","4.74","-0.477"
"Bivens, Spencer","702352","2025","111","84",0.222,0.233,-0.01100000000000001,0.374,0.414,-0.03999999999999998,0.293,0.311,-0.018000000000000016,"3.29","3.59","-0.297"
"Pérez, Cionel","672335","2025","110","69",0.322,0.218,0.10400000000000001,0.494,0.323,0.17099999999999999,0.412,0.313,0.09899999999999998,"8.31","3.64","4.668"
"Leahy, Kyle","681517","2025","110","80",0.168,0.273,-0.10500000000000001,0.257,0.453,-0.196,0.22,0.335,-0.11500000000000002,"2.15","4.23","-2.082"
"Kinley, Tyler","641755","2025","109","67",0.253,0.276,-0.02300000000000002,0.333,0.389,-0.055999999999999994,0.319,0.347,-0.02799999999999997,"6.85","4.59","2.261"
"Akin, Keegan","669211","2025","108","66",0.223,0.23,-0.007000000000000006,0.383,0.416,-0.032999999999999974,0.318,0.328,-0.010000000000000009,"3.20","4.04","-0.843"
"Soroka, Michael","647336","2025","108","76",0.257,0.26,-0.0030000000000000027,0.495,0.405,0.08999999999999997,0.346,0.312,0.033999999999999975,"5.61","3.62","1.99"
"Uribe, Abner","682842","2025","108","59",0.237,0.236,0.0010000000000000009,0.301,0.326,-0.025000000000000022,0.289,0.297,-0.008000000000000007,"1.71","3.25","-1.541"
"Bazardo, Eduard","660825","2025","108","76",0.232,0.236,-0.003999999999999976,0.358,0.377,-0.019000000000000017,0.295,0.309,-0.014000000000000012,"4.21","3.54","0.668"
"Gonsolin, Tony","664062","2025","108","67",0.255,0.246,0.009000000000000008,0.415,0.473,-0.057999999999999996,0.34,0.352,-0.011999999999999955,"4.68","4.74","-0.06"
"Keller, Brad","641745","2025","106","69",0.208,0.2,0.00799999999999998,0.229,0.27,-0.04100000000000001,0.241,0.25,-0.009000000000000008,"2.39","2.28","0.112"
"Hurter, Brant","676428","2025","106","72",0.2,0.231,-0.031,0.337,0.341,-0.0040000000000000036,0.266,0.279,-0.013000000000000012,"1.95","2.85","-0.898"
"Lynch IV, Daniel","663738","2025","106","75",0.222,0.247,-0.024999999999999994,0.311,0.39,-0.07900000000000001,0.296,0.33,-0.03400000000000003,"1.75","4.09","-2.337"
"Santillan, Tony","663574","2025","105","77",0.198,0.257,-0.059,0.365,0.461,-0.09600000000000003,0.274,0.331,-0.056999999999999995,"2.67","4.12","-1.453"
"Sterner, Justin","686993","2025","105","59",0.174,0.169,0.004999999999999977,0.256,0.274,-0.018000000000000016,0.267,0.27,-0.0030000000000000027,"1.78","2.66","-0.884"
"Duran, Jhoan","661395","2025","105","63",0.183,0.21,-0.026999999999999996,0.194,0.273,-0.07900000000000001,0.218,0.257,-0.03900000000000001,"1.07","2.41","-1.344"
"Rutledge, Jackson","671131","2025","105","64",0.247,0.229,0.017999999999999988,0.329,0.326,0.0030000000000000027,0.321,0.315,0.006000000000000005,"3.97","3.69","0.281"
"Adam, Jason","592094","2025","104","61",0.122,0.157,-0.035,0.2,0.272,-0.07200000000000001,0.21,0.247,-0.037000000000000005,"1.35","2.22","-0.87"
"Vest, Will","676684","2025","104","67",0.189,0.21,-0.02099999999999999,0.263,0.331,-0.068,0.236,0.268,-0.03200000000000003,"1.73","2.62","-0.889"
"Rodríguez, Yariel","684320","2025","104","67",0.196,0.214,-0.017999999999999988,0.37,0.415,-0.044999999999999984,0.285,0.311,-0.026000000000000023,"2.96","3.59","-0.627"
"Jax, Griffin","643377","2025","104","58",0.253,0.234,0.01899999999999999,0.394,0.386,0.008000000000000007,0.3,0.285,0.015000000000000013,"4.38","2.98","1.398"
"Rodríguez, Manuel","655889","2025","103","77",0.219,0.247,-0.027999999999999997,0.313,0.343,-0.030000000000000027,0.252,0.276,-0.02400000000000002,"2.39","2.79","-0.398"
"Eisert, Brandon","685126","2025","103","66",0.301,0.215,0.086,0.527,0.383,0.14400000000000002,0.379,0.291,0.08800000000000002,"5.16","3.11","2.052"
"Weissert, Greg","669711","2025","102","69",0.234,0.232,0.0020000000000000018,0.351,0.358,-0.007000000000000006,0.285,0.283,0.0020000000000000018,"2.96","2.94","0.019"
"Smith, Cade","671922","2025","102","54",0.236,0.203,0.032999999999999974,0.326,0.285,0.041000000000000036,0.285,0.257,0.02799999999999997,"2.70","2.41","0.29"
"Banda, Anthony","607455","2025","102","71",0.236,0.251,-0.015000000000000013,0.427,0.484,-0.056999999999999995,0.331,0.353,-0.021999999999999964,"4.01","4.77","-0.756"
"Abreu, Bryan","650556","2025","102","59",0.191,0.261,-0.07,0.27,0.434,-0.16399999999999998,0.264,0.347,-0.08299999999999996,"1.90","4.59","-2.689"
"Koenig, Jared","657649","2025","102","69",0.236,0.185,0.05099999999999999,0.337,0.28,0.056999999999999995,0.291,0.248,0.04299999999999998,"4.07","2.24","1.828"
"Varland, Louis","686973","2025","101","67",0.209,0.234,-0.025000000000000022,0.352,0.388,-0.03600000000000003,0.272,0.293,-0.020999999999999963,"2.84","3.16","-0.318"
"Barlow, Scott","605130","2025","100","62",0.181,0.249,-0.068,0.289,0.364,-0.07500000000000001,0.283,0.333,-0.050000000000000044,"4.37","4.18","0.188"
"Holton, Tyler","663947","2025","100","71",0.267,0.276,-0.009000000000000008,0.422,0.433,-0.01100000000000001,0.321,0.325,-0.0040000000000000036,"3.80","3.96","-0.157"
"Webb, Jacob","657097","2025","100","71",0.218,0.225,-0.007000000000000006,0.379,0.374,0.0050000000000000044,0.304,0.305,-0.0010000000000000009,"4.94","3.44","1.504"
"López, Jorge","605347","2025","100","76",0.256,0.31,-0.05399999999999999,0.356,0.489,-0.133,0.295,0.364,-0.069,"6.00","5.13","0.87"
"Snider, Collin","676092","2025","99","70",0.244,0.245,-0.0010000000000000009,0.456,0.414,0.04200000000000004,0.32,0.311,0.009000000000000008,"3.52","3.59","-0.068"
"Pagán, Emilio","641941","2025","99","62",0.176,0.206,-0.03,0.396,0.429,-0.032999999999999974,0.28,0.302,-0.021999999999999964,"3.96","3.37","0.59"
"Ferguson, Tyler","621053","2025","99","61",0.203,0.195,0.008000000000000007,0.316,0.32,-0.0040000000000000036,0.286,0.283,0.0030000000000000027,"4.13","2.94","1.185"
"Clase, Emmanuel","661403","2025","99","69",0.315,0.238,0.07700000000000001,0.438,0.353,0.08500000000000002,0.344,0.282,0.062,"4.50","2.91","1.59"
"Little, Brendon","663893","2025","99","53",0.182,0.191,-0.009000000000000008,0.261,0.3,-0.03899999999999998,0.248,0.264,-0.016000000000000014,"1.50","2.54","-1.04"
"Peralta, Wandy","593974","2025","99","70",0.253,0.254,-0.0010000000000000009,0.379,0.404,-0.025000000000000022,0.314,0.321,-0.007000000000000006,"4.57","3.85","0.719"
"Estrada, Jeremiah","669093","2025","99","54",0.213,0.209,0.0040000000000000036,0.371,0.36,0.01100000000000001,0.281,0.272,0.009000000000000008,"2.59","2.70","-0.111"
"Detmers, Reid","672282","2025","98","65",0.322,0.262,0.06,0.46,0.408,0.052000000000000046,0.377,0.329,0.04799999999999999,"7.17","4.07","3.102"
"Murdock, Noah","668716","2025","98","55",0.347,0.257,0.08999999999999997,0.453,0.399,0.05399999999999999,0.415,0.364,0.05099999999999999,"13.23","5.13","8.105"
"Hernández, Carlos","672578","2025","97","66",0.309,0.313,-0.0040000000000000036,0.469,0.606,-0.137,0.384,0.429,-0.044999999999999984,"6.41","7.71","-1.303"
"Garrett, Reed","657585","2025","97","58",0.179,0.22,-0.04100000000000001,0.25,0.346,-0.09599999999999997,0.25,0.298,-0.04799999999999999,"0.76","3.27","-2.509"
"De Los Santos, Enyel","660853","2025","96","63",0.186,0.227,-0.04100000000000001,0.302,0.405,-0.10300000000000004,0.257,0.308,-0.05099999999999999,"3.42","3.52","-0.097"
"Milner, Hoby","571948","2025","96","70",0.213,0.26,-0.047000000000000014,0.292,0.478,-0.186,0.25,0.337,-0.08700000000000002,"3.00","4.29","-1.29"
"Estévez, Carlos","608032","2025","96","63",0.193,0.246,-0.05299999999999999,0.241,0.386,-0.14500000000000002,0.24,0.312,-0.07200000000000001,"1.96","3.62","-1.663"
"Shugart, Chase","663767","2025","96","71",0.202,0.247,-0.044999999999999984,0.333,0.383,-0.04999999999999999,0.273,0.311,-0.03799999999999998,"3.47","3.59","-0.119"
"Myers, Tobias","668964","2025","96","70",0.31,0.278,0.03199999999999997,0.44,0.431,0.009000000000000008,0.366,0.346,0.020000000000000018,"4.95","4.56","0.39"
"Armstrong, Shawn","542888","2025","96","57",0.177,0.232,-0.05500000000000002,0.304,0.383,-0.07900000000000001,0.279,0.327,-0.04799999999999999,"3.97","4.01","-0.039"
"Bernardino, Brennan","657514","2025","96","64",0.163,0.187,-0.023999999999999994,0.237,0.298,-0.061,0.228,0.276,-0.048000000000000015,"1.59","2.79","-1.202"
"Halvorsen, Seth","678020","2025","95","63",0.268,0.242,0.026000000000000023,0.427,0.368,0.059,0.343,0.31,0.03300000000000003,"4.57","3.57","0.999"
"Strahm, Matt","621381","2025","95","60",0.25,0.224,0.025999999999999995,0.357,0.319,0.03799999999999998,0.287,0.264,0.022999999999999965,"3.18","2.54","0.636"
"Rocker, Kumar","677958","2025","95","73",0.341,0.318,0.02300000000000002,0.534,0.527,0.007000000000000006,0.395,0.386,0.009000000000000008,"8.10","5.90","2.2"
"Hoffman, Jeff","656546","2025","95","55",0.227,0.21,0.017000000000000015,0.455,0.381,0.07400000000000001,0.31,0.275,0.034999999999999976,"5.79","2.77","3.016"
"Zerpa, Angel","672582","2025","95","75",0.315,0.296,0.019000000000000017,0.517,0.471,0.04600000000000004,0.381,0.352,0.029000000000000026,"5.14","4.74","0.403"
"Morejon, Adrian","670970","2025","95","71",0.23,0.237,-0.0069999999999999785,0.322,0.316,0.006000000000000005,0.252,0.253,-0.0010000000000000009,"3.09","2.33","0.756"
"Uceta, Edwin","670955","2025","95","65",0.268,0.323,-0.05499999999999999,0.537,0.638,-0.10099999999999998,0.379,0.449,-0.07,"5.40","8.71","-3.31"
"Vesia, Alex","681911","2025","95","52",0.224,0.201,0.022999999999999993,0.494,0.461,0.032999999999999974,0.343,0.317,0.026000000000000023,"3.09","3.74","-0.654"
"Fairbanks, Pete","664126","2025","94","60",0.183,0.223,-0.04000000000000001,0.244,0.289,-0.044999999999999984,0.251,0.283,-0.03199999999999997,"2.04","2.94","-0.895"
"Ferguson, Caleb","657571","2025","94","65",0.228,0.196,0.032,0.266,0.257,0.009000000000000008,0.274,0.259,0.015000000000000013,"3.97","2.45","1.521"
"Cruz, Fernando","518585","2025","93","48",0.183,0.19,-0.007000000000000006,0.293,0.311,-0.018000000000000016,0.257,0.264,-0.007000000000000006,"2.66","2.54","0.122"
"Scott, Tanner","656945","2025","93","65",0.244,0.265,-0.02100000000000002,0.444,0.439,0.0050000000000000044,0.3,0.311,-0.01100000000000001,"3.28","3.59","-0.306"
"Thompson, Ryan","657044","2025","93","67",0.318,0.274,0.043999999999999984,0.518,0.499,0.019000000000000017,0.387,0.355,0.03200000000000003,"6.75","4.83","1.92"
"Hernández, Daysbel","678226","2025","92","58",0.171,0.208,-0.03699999999999998,0.211,0.298,-0.087,0.255,0.297,-0.04199999999999998,"1.96","3.25","-1.293"
"Steele, Justin","657006","2025","92","65",0.247,0.277,-0.030000000000000027,0.471,0.491,-0.020000000000000018,0.33,0.348,-0.01799999999999996,"4.76","4.62","0.145"
"Leiter Jr., Mark","643410","2025","92","52",0.224,0.219,0.0050000000000000044,0.318,0.343,-0.025000000000000022,0.271,0.276,-0.0050000000000000044,"2.38","2.79","-0.408"
"King, Bryan","687911","2025","92","59",0.167,0.203,-0.036000000000000004,0.214,0.259,-0.04500000000000001,0.206,0.244,-0.038000000000000006,"1.52","2.17","-0.649"
"Williams, Devin","642207","2025","92","52",0.25,0.255,-0.0050000000000000044,0.355,0.4,-0.04500000000000004,0.327,0.36,-0.032999999999999974,"6.75","5.00","1.75"
"Green, Chad","643338","2025","92","64",0.247,0.27,-0.02300000000000002,0.506,0.579,-0.07299999999999995,0.347,0.379,-0.03200000000000003,"3.47","5.65","-2.179"
"Hill, Tim","657612","2025","91","72",0.212,0.254,-0.04200000000000001,0.365,0.391,-0.026000000000000023,0.278,0.305,-0.02699999999999997,"3.57","3.44","0.134"
"Pressly, Ryan","519151","2025","91","69",0.308,0.296,0.01200000000000001,0.41,0.432,-0.02200000000000002,0.365,0.363,0.0020000000000000018,"4.95","5.09","-0.14"
"Bummer, Aaron","607481","2025","91","59",0.241,0.214,0.026999999999999996,0.354,0.28,0.07399999999999995,0.286,0.248,0.03799999999999998,"3.43","2.24","1.189"
"Burke, Brock","656271","2025","90","64",0.28,0.263,0.017000000000000015,0.493,0.516,-0.02300000000000002,0.362,0.37,-0.008000000000000007,"5.49","5.33","0.162"
"Lee, Dylan","669276","2025","90","61",0.222,0.212,0.010000000000000009,0.444,0.395,0.04899999999999999,0.31,0.292,0.018000000000000016,"2.74","3.14","-0.401"
"Schreiber, John","670167","2025","90","58",0.25,0.237,0.013000000000000012,0.438,0.389,0.04899999999999999,0.333,0.306,0.027000000000000024,"3.80","3.47","0.327"
"Okert, Steven","595345","2025","90","57",0.133,0.189,-0.055999999999999994,0.217,0.358,-0.141,0.18,0.258,-0.07800000000000001,"1.82","2.43","-0.606"
"Hart, Kyle","606996","2025","90","68",0.277,0.257,0.020000000000000018,0.554,0.476,0.07800000000000007,0.374,0.335,0.03899999999999998,"6.00","4.23","1.77"
"Baker, Bryan","641329","2025","90","54",0.214,0.241,-0.026999999999999996,0.464,0.487,-0.022999999999999965,0.315,0.332,-0.017000000000000015,"3.00","4.15","-1.15"
"Weaver, Luke","596133","2025","90","60",0.122,0.177,-0.05499999999999999,0.183,0.336,-0.15300000000000002,0.169,0.251,-0.08199999999999999,"0.73","2.30","-1.57"
"Banks, Tanner","621383","2025","90","57",0.193,0.227,-0.034,0.361,0.395,-0.03400000000000003,0.263,0.289,-0.025999999999999968,"3.75","3.07","0.68"
"Gaddis, Hunter","683769","2025","90","50",0.215,0.2,0.014999999999999986,0.38,0.346,0.03400000000000003,0.297,0.275,0.021999999999999964,"1.23","2.77","-1.543"
"Bender, Anthony","669622","2025","89","59",0.182,0.217,-0.035,0.221,0.338,-0.11700000000000002,0.247,0.299,-0.05199999999999999,"1.66","3.30","-1.638"
"Kerkering, Orion","689147","2025","89","59",0.24,0.229,0.010999999999999982,0.4,0.375,0.025000000000000022,0.313,0.309,0.0040000000000000036,"3.54","3.54","0.001"
"Hader, Josh","623352","2025","89","50",0.16,0.163,-0.0030000000000000027,0.309,0.255,0.05399999999999999,0.232,0.214,0.018000000000000016,"1.56","1.68","-0.115"
"Matsui, Yuki","673513","2025","89","52",0.171,0.181,-0.009999999999999981,0.329,0.327,0.0020000000000000018,0.263,0.267,-0.0040000000000000036,"2.42","2.60","-0.182"
"Díaz, Edwin","621242","2025","89","44",0.149,0.158,-0.009000000000000008,0.257,0.249,0.008000000000000007,0.256,0.26,-0.0040000000000000036,"2.42","2.47","-0.052"
"Miller, Shelby","571946","2025","89","55",0.197,0.245,-0.04799999999999999,0.276,0.366,-0.08999999999999997,0.256,0.307,-0.05099999999999999,"2.18","3.49","-1.313"
"Booser, Cam","592155","2025","88","52",0.216,0.184,0.032,0.405,0.34,0.065,0.32,0.293,0.027000000000000024,"5.40","3.16","2.24"
"Merryweather, Julian","657240","2025","88","62",0.303,0.328,-0.025000000000000022,0.474,0.506,-0.03200000000000003,0.369,0.402,-0.03300000000000003,"5.79","6.53","-0.744"
"Garcia, Robert","676395","2025","88","59",0.19,0.235,-0.044999999999999984,0.266,0.356,-0.08999999999999997,0.241,0.292,-0.05099999999999999,"2.35","3.14","-0.792"
"Blewett, Scott","656240","2025","88","59",0.221,0.193,0.027999999999999997,0.325,0.283,0.04200000000000004,0.286,0.256,0.02999999999999997,"2.53","2.39","0.141"
"Rogers, Tyler","643511","2025","88","64",0.165,0.227,-0.062,0.259,0.308,-0.04899999999999999,0.201,0.246,-0.044999999999999984,"1.85","2.21","-0.361"
"Iglesias, Raisel","628452","2025","88","61",0.28,0.27,0.010000000000000009,0.598,0.564,0.03400000000000003,0.393,0.37,0.02300000000000002,"5.75","5.33","0.424"
"Romano, Jordan","605447","2025","87","53",0.269,0.234,0.035,0.5,0.392,0.10799999999999998,0.364,0.306,0.057999999999999996,"7.65","3.47","4.18"
"Stratton, Chris","608717","2025","87","63",0.377,0.279,0.09799999999999998,0.558,0.46,0.09800000000000003,0.422,0.351,0.07100000000000001,"7.94","4.71","3.231"
"Santana, Dennis","642701","2025","87","64",0.21,0.286,-0.07599999999999998,0.284,0.482,-0.198,0.223,0.33,-0.10700000000000001,"1.54","4.09","-2.547"
"Slaten, Justin","686580","2025","87","64",0.163,0.218,-0.05499999999999999,0.225,0.349,-0.12399999999999997,0.2,0.269,-0.069,"3.52","2.64","0.882"
"Suarez, Robert","663158","2025","86","55",0.154,0.219,-0.065,0.192,0.393,-0.201,0.202,0.3,-0.09799999999999998,"2.35","3.32","-0.972"
"Sands, Cole","663485","2025","86","62",0.197,0.254,-0.056999999999999995,0.303,0.448,-0.14500000000000002,0.252,0.341,-0.08900000000000002,"2.38","4.41","-2.028"
"Doval, Camilo","666808","2025","86","57",0.118,0.194,-0.07600000000000001,0.132,0.262,-0.13,0.167,0.244,-0.07699999999999999,"1.16","2.17","-1.013"
"Soriano, George","666277","2025","86","53",0.292,0.307,-0.015000000000000013,0.639,0.565,0.07400000000000007,0.439,0.414,0.025000000000000022,"8.35","7.03","1.315"
"Horton, Cade","690990","2025","86","63",0.266,0.263,0.0030000000000000027,0.43,0.447,-0.017000000000000015,0.33,0.331,-0.0010000000000000009,"3.98","4.12","-0.136"
"Maton, Phil","664208","2025","86","51",0.247,0.208,0.03900000000000001,0.312,0.306,0.006000000000000005,0.293,0.271,0.021999999999999964,"2.70","2.68","0.02"
"Soto, Gregory","642397","2025","86","57",0.263,0.241,0.02200000000000002,0.395,0.361,0.03400000000000003,0.321,0.301,0.020000000000000018,"4.26","3.35","0.913"
"Gómez, Yoendrys","672782","2025","86","59",0.282,0.299,-0.017000000000000015,0.437,0.593,-0.15599999999999997,0.371,0.427,-0.055999999999999994,"6.62","7.62","-0.997"
"Muñoz, Andrés","662253","2025","85","47",0.108,0.176,-0.06799999999999999,0.108,0.232,-0.12400000000000001,0.148,0.222,-0.07400000000000001,0,1.8,"-1.8"
"Leasure, Jordan","673929","2025","85","49",0.243,0.216,0.026999999999999996,0.514,0.413,0.10100000000000003,0.358,0.308,0.04999999999999999,"4.26","3.52","0.743"
"Chapman, Aroldis","547973","2025","85","49",0.182,0.201,-0.019000000000000017,0.286,0.35,-0.064,0.249,0.277,-0.028000000000000025,"2.14","2.81","-0.667"
"Kahnle, Tommy","592454","2025","85","58",0.167,0.2,-0.033,0.269,0.337,-0.068,0.231,0.268,-0.037000000000000005,"1.66","2.62","-0.958"
"Alvarado, José","621237","2025","84","55",0.253,0.223,0.03,0.316,0.359,-0.04299999999999998,0.268,0.273,-0.0050000000000000044,"2.70","2.72","-0.02"
"Alcala, Jorge","660896","2025","84","50",0.271,0.189,0.08200000000000002,0.429,0.31,0.119,0.36,0.287,0.07300000000000001,"6.87","3.02","3.853"
"Herrin, Tim","682120","2025","84","47",0.206,0.211,-0.0050000000000000044,0.368,0.372,-0.0040000000000000036,0.334,0.334,0,"3.79","4.20","-0.411"
"Rodriguez, Elvin","660730","2025","84","59",0.303,0.296,0.007000000000000006,0.645,0.621,0.02400000000000002,0.432,0.415,0.017000000000000015,"8.68","7.07","1.609"
"Payamps, Joel","606303","2025","84","62",0.333,0.316,0.017000000000000015,0.64,0.64,0,0.415,0.431,-0.016000000000000014,"8.35","7.81","0.535"
"Hodge, Porter","687863","2025","84","54",0.247,0.236,0.01100000000000001,0.411,0.373,0.03799999999999998,0.336,0.317,0.019000000000000017,"5.12","3.74","1.381"
"Erceg, Lucas","668674","2025","84","60",0.179,0.229,-0.05000000000000002,0.256,0.391,-0.135,0.228,0.295,-0.06699999999999998,"1.96","3.20","-1.243"
"King, John","667463","2025","84","69",0.312,0.317,-0.0050000000000000044,0.442,0.455,-0.013000000000000012,0.351,0.353,-0.0020000000000000018,"3.93","4.77","-0.843"
"Helsley, Ryan","664854","2025","84","51",0.239,0.25,-0.01100000000000001,0.352,0.395,-0.04300000000000004,0.313,0.332,-0.019000000000000017,"3.32","4.15","-0.834"
"Walker, Ryan","676254","2025","83","56",0.247,0.235,0.01200000000000001,0.301,0.339,-0.038000000000000034,0.291,0.298,-0.007000000000000006,"5.21","3.27","1.941"
"Rodríguez, Randy","678495","2025","83","47",0.154,0.17,-0.016000000000000014,0.218,0.243,-0.024999999999999994,0.186,0.208,-0.021999999999999992,"0.79","1.59","-0.796"
"Pérez, Martín","527048","2025","83","53",0.197,0.293,-0.09599999999999997,0.31,0.537,-0.22700000000000004,0.288,0.401,-0.11300000000000004,"3.15","6.49","-3.34"
"García, Yimi","554340","2025","83","48",0.155,0.246,-0.091,0.211,0.399,-0.18800000000000003,0.227,0.327,-0.1,"3.15","4.01","-0.86"
"Salazar, Eduardo","674285","2025","83","63",0.389,0.335,0.05399999999999999,0.653,0.537,0.11599999999999999,0.471,0.408,0.063,"9.77","6.77","2.996"
"Orze, Eric","679358","2025","82","59",0.23,0.237,-0.0069999999999999785,0.257,0.367,-0.10999999999999999,0.262,0.302,-0.03999999999999998,"0.89","3.37","-2.485"
"Fitts, Richard","690916","2025","82","59",0.222,0.249,-0.026999999999999996,0.319,0.409,-0.08999999999999997,0.27,0.33,-0.06,"2.70","4.09","-1.39"
"Faucher, Calvin","676534","2025","81","52",0.257,0.27,-0.013000000000000012,0.386,0.399,-0.013000000000000012,0.327,0.336,-0.009000000000000008,"5.50","4.26","1.24"
"Henderson, Logan","701656","2025","81","46",0.187,0.23,-0.04300000000000001,0.307,0.381,-0.07400000000000001,0.25,0.293,-0.04299999999999998,"1.71","3.16","-1.446"
"Domínguez, Seranthony","622554","2025","81","46",0.235,0.239,-0.0040000000000000036,0.412,0.387,0.024999999999999967,0.341,0.331,0.010000000000000009,"5.68","4.12","1.564"
"Brieske, Beau","689225","2025","81","61",0.25,0.216,0.034,0.458,0.381,0.07700000000000001,0.339,0.305,0.03400000000000003,"5.00","3.44","1.56"
"Ginn, J.T.","669372","2025","81","51",0.288,0.281,0.006999999999999951,0.562,0.526,0.03600000000000003,0.398,0.377,0.02100000000000002,"5.60","5.57","0.034"
"Miller, Mason","695243","2025","81","34",0.232,0.196,0.036000000000000004,0.435,0.386,0.04899999999999999,0.337,0.303,0.03400000000000003,"5.79","3.39","2.396"
"Topa, Justin","623437","2025","81","59",0.239,0.255,-0.016000000000000014,0.296,0.355,-0.059,0.279,0.315,-0.035999999999999976,"2.50","3.69","-1.19"
"Fluharty, Mason","689254","2025","81","52",0.155,0.198,-0.04300000000000001,0.254,0.325,-0.07100000000000001,0.226,0.273,-0.047000000000000014,"3.86","2.72","1.137"
"Borucki, Ryan","621366","2025","81","56",0.225,0.249,-0.023999999999999994,0.324,0.367,-0.04299999999999998,0.285,0.309,-0.02400000000000002,"4.43","3.54","0.886"
"Englert, Mason","669438","2025","80","56",0.315,0.332,-0.017000000000000015,0.425,0.51,-0.08500000000000002,0.343,0.379,-0.035999999999999976,"6.00","5.65","0.35"
"Cleavinger, Garrett","664076","2025","80","50",0.173,0.212,-0.03900000000000001,0.347,0.354,-0.007000000000000006,0.253,0.27,-0.017000000000000015,"2.14","2.66","-0.517"
"Lawrence, Casey","596271","2025","80","71",0.338,0.366,-0.02799999999999997,0.494,0.61,-0.11599999999999999,0.365,0.433,-0.068,"4.08","7.90","-3.825"
"Yates, Kirby","489446","2025","80","42",0.247,0.207,0.04000000000000001,0.521,0.362,0.15900000000000003,0.358,0.282,0.07600000000000001,"4.34","2.91","1.429"
"Rogers, Taylor","573124","2025","80","55",0.25,0.234,0.015999999999999986,0.412,0.401,0.010999999999999954,0.311,0.303,0.008000000000000007,"2.84","3.39","-0.548"
"Legumina, Casey","668984","2025","80","52",0.206,0.204,0.0020000000000000018,0.309,0.306,0.0030000000000000027,0.279,0.274,0.0050000000000000044,"2.41","2.75","-0.339"
"Finnegan, Kyle","640448","2025","79","55",0.257,0.243,0.014000000000000012,0.4,0.353,0.04700000000000004,0.311,0.302,0.009000000000000008,"2.41","3.37","-0.959"
"Megill, Trevor","656730","2025","79","48",0.2,0.278,-0.07800000000000001,0.292,0.492,-0.2,0.262,0.366,-0.10399999999999998,"2.46","5.19","-2.735"
"Stanek, Ryne","592773","2025","79","54",0.222,0.222,0,0.292,0.347,-0.05499999999999999,0.265,0.283,-0.01799999999999996,"3.44","2.94","0.496"
"Bowman, Matt","621199","2025","79","63",0.293,0.285,0.008000000000000007,0.493,0.463,0.02999999999999997,0.358,0.338,0.019999999999999962,"5.19","4.32","0.872"
"Veneziano, Anthony","685107","2025","78","54",0.269,0.298,-0.02899999999999997,0.552,0.555,-0.0030000000000000027,0.38,0.392,-0.01200000000000001,"4.86","6.13","-1.27"
"Speier, Gabe","642100","2025","78","45",0.192,0.201,-0.009000000000000008,0.329,0.346,-0.01699999999999996,0.255,0.262,-0.007000000000000006,"2.25","2.50","-0.25"
"Zeferjahn, Ryan","666171","2025","78","42",0.25,0.233,0.016999999999999987,0.412,0.406,0.00599999999999995,0.339,0.325,0.014000000000000012,"4.50","3.96","0.54"
"Blalock, Bradley","687134","2025","78","64",0.38,0.296,0.08400000000000002,0.676,0.553,0.123,0.468,0.379,0.08900000000000002,"12.94","5.65","7.288"
"Thielbar, Caleb","573204","2025","78","49",0.167,0.163,0.0040000000000000036,0.242,0.24,0.0020000000000000018,0.233,0.233,0,"2.29","1.98","0.308"
"Montero, Rafael","606160","2025","78","45",0.203,0.229,-0.025999999999999995,0.266,0.351,-0.08499999999999996,0.287,0.324,-0.03700000000000003,"4.67","3.93","0.743"
"Scott, Tayler","605463","2025","78","49",0.258,0.255,0.0030000000000000027,0.403,0.452,-0.04899999999999999,0.352,0.374,-0.02200000000000002,"5.40","5.47","-0.07"
"Sauer, Matt","669422","2025","78","62",0.219,0.253,-0.034,0.37,0.407,-0.03699999999999998,0.265,0.291,-0.025999999999999968,"3.05","3.11","-0.062"
"Miller, Erik","669062","2025","77","51",0.258,0.262,-0.0040000000000000036,0.29,0.362,-0.07200000000000001,0.301,0.324,-0.02300000000000002,"1.50","3.93","-2.43"
"Montgomery, Mason","682254","2025","77","44",0.215,0.228,-0.013000000000000012,0.4,0.433,-0.032999999999999974,0.328,0.341,-0.013000000000000012,"5.60","4.41","1.194"
"Wilson, Justin","458677","2025","77","48",0.242,0.221,0.02099999999999999,0.288,0.297,-0.009000000000000008,0.274,0.265,0.009000000000000008,"2.41","2.56","-0.149"
"Glasnow, Tyler","607192","2025","77","42",0.185,0.241,-0.055999999999999994,0.369,0.493,-0.124,0.309,0.37,-0.061,"4.50","5.33","-0.83"
"Martin, Chris","455119","2025","77","51",0.205,0.251,-0.04600000000000001,0.26,0.388,-0.128,0.208,0.277,-0.06900000000000003,"1.83","2.81","-0.979"
"Johnson, Pierce","572955","2025","76","49",0.217,0.213,0.0040000000000000036,0.319,0.363,-0.043999999999999984,0.267,0.285,-0.01799999999999996,"2.37","2.98","-0.612"
"Romero, JoJo","668941","2025","76","51",0.237,0.248,-0.01100000000000001,0.339,0.415,-0.07599999999999996,0.307,0.341,-0.03400000000000003,"3.63","4.41","-0.775"
"Mears, Nick","683232","2025","76","58",0.183,0.279,-0.09600000000000003,0.282,0.451,-0.16900000000000004,0.215,0.329,-0.11400000000000002,"2.57","4.07","-1.499"
"Cano, Yennier","666974","2025","76","49",0.25,0.236,0.014000000000000012,0.412,0.36,0.05199999999999999,0.325,0.297,0.028000000000000025,"4.34","3.25","1.089"
"Lucas, Easton","687922","2025","75","47",0.258,0.266,-0.008000000000000007,0.53,0.545,-0.015000000000000013,0.38,0.383,-0.0030000000000000027,"7.41","5.79","1.622"
"Henry, Cole","669371","2025","75","46",0.156,0.178,-0.021999999999999992,0.25,0.264,-0.014000000000000012,0.248,0.26,-0.01200000000000001,"2.46","2.47","-0.015"
"Harris, Hogan","663687","2025","75","49",0.227,0.253,-0.025999999999999995,0.379,0.388,-0.009000000000000008,0.299,0.315,-0.016000000000000014,"3.63","3.69","-0.055"
"Jackson, Luke","592426","2025","75","51",0.254,0.268,-0.014000000000000012,0.429,0.489,-0.06,0.345,0.368,-0.02300000000000002,"4.86","5.26","-0.4"
"Bednar, David","670280","2025","74","44",0.299,0.237,0.062,0.478,0.446,0.03199999999999997,0.355,0.315,0.03999999999999998,"4.86","3.69","1.17"
"Holderman, Colin","670059","2025","74","50",0.345,0.314,0.030999999999999972,0.569,0.506,0.06299999999999994,0.438,0.417,0.02100000000000002,"9.00","7.16","1.84"
"Boushley, Caleb","676961","2025","74","52",0.29,0.301,-0.01100000000000001,0.507,0.502,0.0050000000000000044,0.368,0.365,0.0030000000000000027,"5.29","5.16","0.134"
"Gibson, Kyle","502043","2025","73","56",0.453,0.353,0.10000000000000003,0.938,0.65,0.2879999999999999,0.585,0.443,0.14199999999999996,"16.78","8.40","8.384"
"Cruz, Steven","674444","2025","73","52",0.167,0.211,-0.043999999999999984,0.258,0.292,-0.033999999999999975,0.233,0.263,-0.03,"1.93","2.52","-0.591"
"Sims, Lucas","608371","2025","72","38",0.275,0.256,0.019000000000000017,0.49,0.447,0.04299999999999998,0.438,0.418,0.020000000000000018,"13.87","7.21","6.655"
"Johnson, Ryan","696270","2025","72","51",0.364,0.259,0.10499999999999998,0.561,0.423,0.13800000000000007,0.413,0.31,0.10299999999999998,"7.36","3.57","3.794"
"Alexander, Scott","518397","2025","72","58",0.313,0.328,-0.015000000000000013,0.609,0.617,-0.008000000000000007,0.428,0.432,-0.0040000000000000036,"6.06","7.85","-1.789"
"Trivino, Lou","642152","2025","72","48",0.188,0.237,-0.04899999999999999,0.375,0.493,-0.118,0.293,0.351,-0.057999999999999996,"4.15","4.71","-0.556"
"Palencia, Daniel","694037","2025","72","46",0.138,0.244,-0.10599999999999998,0.246,0.368,-0.122,0.216,0.304,-0.088,"1.93","3.42","-1.491"
"Jansen, Kenley","445276","2025","71","50",0.273,0.264,0.009000000000000008,0.515,0.543,-0.028000000000000025,0.363,0.364,-0.0010000000000000009,"4.96","5.13","-0.171"
"Latz, Jacob","656641","2025","71","47",0.258,0.247,0.01100000000000001,0.387,0.43,-0.04299999999999998,0.323,0.33,-0.007000000000000006,"3.38","4.09","-0.715"
"Cameron, Noah","702070","2025","71","51",0.108,0.21,-0.102,0.215,0.36,-0.145,0.185,0.281,-0.09600000000000003,"0.93","2.89","-1.959"
"Bautista, Félix","642585","2025","70","40",0.169,0.199,-0.03,0.305,0.337,-0.03200000000000003,0.281,0.301,-0.019999999999999962,"3.78","3.35","0.43"
"Tinoco, Jesus","622786","2025","70","53",0.258,0.265,-0.007000000000000006,0.403,0.384,0.019000000000000017,0.321,0.315,0.006000000000000005,"6.06","3.69","2.371"
"Allard, Kolby","663465","2025","69","59",0.238,0.251,-0.013000000000000012,0.286,0.414,-0.128,0.237,0.292,-0.05499999999999999,"1.50","3.14","-1.64"
"Brebbia, John","605154","2025","68","42",0.25,0.194,0.055999999999999994,0.429,0.354,0.07500000000000001,0.354,0.309,0.044999999999999984,"5.65","3.54","2.111"
"Hamilton, Ian","641656","2025","68","34",0.175,0.216,-0.04100000000000001,0.316,0.367,-0.05099999999999999,0.289,0.32,-0.031000000000000028,"5.51","3.82","1.69"
"Shuster, Jared","694363","2025","68","52",0.339,0.302,0.03700000000000003,0.435,0.439,-0.0040000000000000036,0.35,0.33,0.019999999999999962,"6.58","4.09","2.495"
"Wilson, Steven","621051","2025","68","43",0.148,0.227,-0.07900000000000001,0.315,0.484,-0.16899999999999998,0.268,0.354,-0.08599999999999997,"2.20","4.80","-2.596"
"Sousa, Bennett","656986","2025","67","43",0.23,0.223,0.007000000000000006,0.344,0.352,-0.008000000000000007,0.268,0.287,-0.01899999999999996,"2.16","3.02","-0.86"
"McCullers Jr., Lance","621121","2025","67","40",0.278,0.306,-0.02799999999999997,0.426,0.514,-0.08800000000000002,0.383,0.418,-0.034999999999999976,"6.57","7.21","-0.642"
"Holman, Grant","680880","2025","66","50",0.258,0.247,0.01100000000000001,0.355,0.388,-0.03300000000000003,0.294,0.297,-0.0030000000000000027,"3.38","3.25","0.125"
"Lopez, Jacob","682052","2025","66","39",0.255,0.193,0.062,0.327,0.279,0.04799999999999999,0.324,0.279,0.044999999999999984,"2.57","2.85","-0.279"
"Gordon, Colton","676467","2025","66","49",0.302,0.246,0.055999999999999994,0.492,0.395,0.09699999999999998,0.353,0.286,0.067,"5.52","3.00","2.523"
"Palmquist, Carson","687223","2025","66","52",0.352,0.294,0.057999999999999996,0.556,0.511,0.04500000000000004,0.412,0.377,0.034999999999999976,"8.78","5.57","3.205"
"Lauer, Eric","641778","2025","65","43",0.22,0.225,-0.0050000000000000044,0.475,0.471,0.0040000000000000036,0.333,0.33,0.0030000000000000027,"3.31","4.09","-0.784"
"Thornton, Trent","663423","2025","65","49",0.267,0.313,-0.045999999999999985,0.533,0.583,-0.04999999999999993,0.371,0.405,-0.03400000000000003,"5.87","6.65","-0.78"
"Murfee, Penn","682171","2025","63","44",0.333,0.299,0.03400000000000003,0.561,0.596,-0.03499999999999992,0.416,0.407,0.009000000000000008,"7.82","6.73","1.086"
"Gibaut, Ian","664139","2025","63","47",0.293,0.26,0.032999999999999974,0.448,0.494,-0.045999999999999985,0.34,0.34,0,"6.58","4.38","2.205"
"Ureña, José","570632","2025","62","52",0.31,0.343,-0.03300000000000003,0.603,0.721,-0.118,0.412,0.462,-0.050000000000000044,"6.75","9.42","-2.67"
"Graceffo, Gordon","700669","2025","62","48",0.237,0.28,-0.04300000000000004,0.424,0.519,-0.09500000000000003,0.291,0.347,-0.055999999999999994,"5.52","4.59","0.933"
"Weathers, Ryan","677960","2025","61","42",0.175,0.213,-0.038000000000000006,0.316,0.364,-0.04799999999999999,0.243,0.274,-0.031000000000000028,"1.15","2.75","-1.601"
"Strider, Spencer","675911","2025","60","35",0.24,0.25,-0.010000000000000009,0.44,0.426,0.014000000000000012,0.361,0.358,0.0030000000000000027,"4.50","4.93","-0.43"
"Spiers, Carson","686730","2025","60","41",0.26,0.304,-0.043999999999999984,0.48,0.565,-0.08499999999999996,0.364,0.407,-0.04299999999999998,"6.08","6.73","-0.655"
"Agnos, Zach","688642","2025","60","50",0.19,0.269,-0.07900000000000001,0.293,0.429,-0.136,0.225,0.312,-0.087,"1.13","3.62","-2.495"
"Coulombe, Danny","543056","2025","60","39",0.138,0.187,-0.04899999999999999,0.172,0.268,-0.09600000000000003,0.155,0.213,-0.057999999999999996,0,1.67,"-1.67"
"Bigge, Hunter","685801","2025","60","42",0.204,0.285,-0.08099999999999999,0.444,0.553,-0.10900000000000004,0.319,0.387,-0.068,"2.40","5.94","-3.54"
"Hendriks, Liam","521230","2025","59","39",0.235,0.259,-0.02400000000000002,0.353,0.542,-0.18900000000000006,0.316,0.384,-0.068,"6.58","5.83","0.755"
"Ruiz, José","614179","2025","59","41",0.314,0.257,0.056999999999999995,0.569,0.421,0.14799999999999996,0.397,0.338,0.059,"5.54","4.32","1.218"
"Gibson, Cade","806188","2025","59","46",0.241,0.312,-0.07100000000000001,0.278,0.403,-0.125,0.26,0.336,-0.07600000000000001,"1.29","4.26","-2.974"
"Richardson, Lyon","680689","2025","58","44",0.22,0.261,-0.04100000000000001,0.3,0.391,-0.09100000000000003,0.266,0.327,-0.061,"1.32","4.01","-2.693"
"Mantiply, Joe","573009","2025","58","46",0.481,0.3,0.181,0.833,0.542,0.2909999999999999,0.574,0.375,0.19899999999999995,"15.83","5.50","10.328"
"Morillo, Juan","666661","2025","56","37",0.255,0.188,0.067,0.412,0.308,0.10399999999999998,0.325,0.255,0.07,"4.05","2.37","1.68"
"Festa, David","701581","2025","56","34",0.245,0.291,-0.045999999999999985,0.286,0.493,-0.20700000000000002,0.292,0.38,-0.08800000000000002,"1.39","5.68","-4.295"
"Lee, Chase","695445","2025","54","34",0.174,0.239,-0.065,0.261,0.346,-0.08499999999999996,0.237,0.294,-0.056999999999999995,"1.26","3.18","-1.924"
"Hudson, Bryan","663542","2025","54","27",0.205,0.206,-0.0010000000000000009,0.256,0.248,0.008000000000000007,0.319,0.316,0.0030000000000000027,"4.36","3.72","0.635"
"Kelly, Zack","677161","2025","53","37",0.271,0.254,0.017000000000000015,0.417,0.418,-0.0010000000000000009,0.336,0.326,0.010000000000000009,"8.25","3.98","4.27"
"Gordon, Tanner","685299","2025","52","40",0.286,0.279,0.006999999999999951,0.429,0.396,0.032999999999999974,0.331,0.313,0.018000000000000016,"4.38","3.64","0.738"
"Gilbert, Tyler","656457","2025","52","29",0.178,0.206,-0.027999999999999997,0.311,0.383,-0.07200000000000001,0.276,0.31,-0.033999999999999975,"4.85","3.57","1.276"
"Winckowski, Josh","670174","2025","52","37",0.25,0.308,-0.057999999999999996,0.295,0.503,-0.20800000000000002,0.284,0.387,-0.10300000000000004,"3.86","5.94","-2.083"
"Ginkel, Kevin","656464","2025","52","29",0.318,0.228,0.09,0.568,0.497,0.07099999999999995,0.43,0.365,0.065,"12.60","5.16","7.44"
"Anderson, Ian","666120","2025","51","36",0.386,0.298,0.08800000000000002,0.568,0.444,0.12399999999999994,0.449,0.364,0.08500000000000002,"11.57","5.13","6.441"
"Mejia, Juan","675848","2025","51","32",0.283,0.227,0.055999999999999966,0.5,0.313,0.187,0.357,0.268,0.08899999999999997,"3.09","2.62","0.466"
"Martinez, Justin","679885","2025","51","28",0.167,0.211,-0.043999999999999984,0.286,0.287,-0.0010000000000000009,0.284,0.301,-0.017000000000000015,"3.75","3.35","0.4"
"McDaniels, Garrett","680729","2025","50","35",0.317,0.289,0.028000000000000025,0.512,0.455,0.056999999999999995,0.42,0.387,0.032999999999999974,"5.91","5.94","-0.034"
"Civale, Aaron","650644","2025","50","36",0.244,0.245,-0.0010000000000000009,0.578,0.535,0.04299999999999993,0.378,0.357,0.02100000000000002,"6.00","4.90","1.1"
"Arias, Luarbert","678215","2025","50","34",0.357,0.321,0.035999999999999976,0.571,0.517,0.05399999999999994,0.434,0.408,0.026000000000000023,"10.61","6.77","3.837"
"Stewart, Brock","592779","2025","49","25",0.209,0.194,0.014999999999999986,0.395,0.342,0.05299999999999999,0.313,0.286,0.027000000000000024,"3.97","3.00","0.971"
"De los Santos, Yerry","660787","2025","49","35",0.25,0.272,-0.02200000000000002,0.273,0.378,-0.10499999999999998,0.279,0.323,-0.043999999999999984,"1.64","3.90","-2.264"
"Mey, Luis","682825","2025","49","29",0.163,0.216,-0.05299999999999999,0.326,0.377,-0.05099999999999999,0.269,0.305,-0.035999999999999976,"3.75","3.44","0.31"
"Ort, Kaleb","672391","2025","49","34",0.182,0.184,-0.0020000000000000018,0.273,0.301,-0.02799999999999997,0.225,0.234,-0.009000000000000008,"2.08","2.00","0.077"
"McFarland, T.J.","519008","2025","48","40",0.341,0.309,0.03200000000000003,0.523,0.5,0.02300000000000002,0.398,0.373,0.025000000000000022,"5.23","5.43","-0.204"
"Sewald, Paul","623149","2025","48","31",0.283,0.24,0.04299999999999998,0.522,0.53,-0.008000000000000007,0.36,0.338,0.021999999999999964,"6.17","4.32","1.851"
"Roycroft, Chris","688297","2025","48","34",0.289,0.319,-0.030000000000000027,0.5,0.582,-0.08199999999999996,0.375,0.435,-0.06,"7.20","8.00","-0.8"
"Pearson, Nate","663878","2025","47","34",0.361,0.246,0.11499999999999999,0.583,0.445,0.13799999999999996,0.426,0.363,0.063,"10.38","5.09","5.295"
"Reynolds, Sean","669308","2025","47","33",0.302,0.335,-0.03300000000000003,0.558,0.69,-0.1319999999999999,0.398,0.453,-0.05499999999999999,"6.54","8.92","-2.375"
"Stroman, Marcus","573186","2025","47","33",0.3,0.305,-0.0050000000000000044,0.575,0.541,0.03399999999999992,0.422,0.409,0.013000000000000012,"11.57","6.82","4.751"
"Pomeranz, Drew","519141","2025","47","27",0.098,0.206,-0.10799999999999998,0.122,0.437,-0.315,0.175,0.327,-0.15200000000000002,0,4.01,"-4.01"
"Castillo, José","620454","2025","47","33",0.3,0.246,0.05399999999999999,0.6,0.426,0.174,0.417,0.334,0.08299999999999996,"7.20","4.20","3"
"Schultz, Paxton","687606","2025","46","29",0.214,0.237,-0.022999999999999993,0.452,0.412,0.040000000000000036,0.32,0.313,0.007000000000000006,"2.53","3.64","-1.109"
"Poche, Colin","621363","2025","46","24",0.313,0.217,0.096,0.563,0.396,0.16699999999999993,0.441,0.369,0.07200000000000001,"11.42","5.29","6.133"
"Snell, Blake","605483","2025","46","34",0.27,0.343,-0.07300000000000001,0.351,0.524,-0.17300000000000004,0.339,0.429,-0.08999999999999997,"2.00","7.71","-5.71"
"Leclerc, José","600917","2025","46","33",0.317,0.3,0.017000000000000015,0.634,0.566,0.06800000000000006,0.437,0.402,0.034999999999999976,"6.00","6.53","-0.53"
"Anderson, Shaun","641312","2025","46","33",0.326,0.288,0.038000000000000034,0.558,0.562,-0.0040000000000000036,0.402,0.379,0.02300000000000002,"6.30","5.65","0.65"
"Flexen, Chris","623167","2025","45","35",0.167,0.254,-0.087,0.167,0.333,-0.166,0.185,0.283,-0.09799999999999998,0,2.94,"-2.94"
"Festa, Matt","670036","2025","45","31",0.195,0.266,-0.07100000000000001,0.195,0.358,-0.16299999999999998,0.221,0.307,-0.086,"3.97","3.49","0.481"
"Cecconi, Slade","677944","2025","45","29",0.233,0.262,-0.028999999999999998,0.465,0.515,-0.04999999999999999,0.315,0.344,-0.02899999999999997,"3.27","4.50","-1.227"
"Fernandez, Ryan","681676","2025","45","33",0.375,0.308,0.067,0.7,0.565,0.135,0.479,0.398,0.08099999999999996,"11.42","6.36","5.063"
"Lawrence, Justin","664875","2025","44","21",0.139,0.171,-0.032,0.222,0.331,-0.10900000000000001,0.245,0.292,-0.046999999999999986,"0.79","3.14","-2.346"
"Peralta, Luis","678821","2025","44","30",0.294,0.302,-0.008000000000000007,0.441,0.473,-0.03199999999999997,0.39,0.416,-0.025999999999999968,"7.56","7.12","0.44"
"Maeda, Kenta","628317","2025","43","25",0.273,0.262,0.01100000000000001,0.455,0.4,0.05499999999999999,0.397,0.373,0.02400000000000002,"7.88","5.43","2.445"
"VanWey, Logan","701121","2025","43","34",0.385,0.326,0.059,0.564,0.454,0.10999999999999993,0.44,0.369,0.07100000000000001,"6.23","5.29","0.941"
"Minter, A.J.","621345","2025","43","25",0.154,0.205,-0.05099999999999999,0.179,0.385,-0.20600000000000002,0.198,0.291,-0.09299999999999997,"1.64","3.11","-1.474"
"Houser, Adrian","605288","2025","43","31",0.128,0.203,-0.07500000000000001,0.179,0.254,-0.07500000000000001,0.186,0.242,-0.055999999999999994,0,2.14,"-2.14"
"Contreras, Luis","664351","2025","43","27",0.297,0.231,0.06599999999999998,0.541,0.391,0.15000000000000002,0.407,0.324,0.08299999999999996,"9.00","3.93","5.07"
"Guenther, Sean","674944","2025","43","30",0.263,0.3,-0.03699999999999998,0.316,0.474,-0.15799999999999997,0.306,0.373,-0.067,"5.23","5.43","-0.204"
"Nicolas, Kyle","693312","2025","42","28",0.294,0.264,0.02999999999999997,0.559,0.471,0.08800000000000008,0.428,0.384,0.043999999999999984,"10.56","5.83","4.735"
"Young, Brandon","687064","2025","42","25",0.333,0.255,0.07800000000000001,0.545,0.441,0.10400000000000004,0.43,0.367,0.063,"6.23","5.23","1.001"
"Estes, Joey","683155","2025","42","30",0.455,0.327,0.128,0.939,0.629,0.30999999999999994,0.584,0.444,0.13999999999999996,"15.43","8.45","6.979"
"Garabito, Gerson","642520","2025","41","30",0.395,0.335,0.06,0.526,0.513,0.013000000000000012,0.426,0.388,0.03799999999999998,"9.00","5.98","3.02"
"Castillo, Luis F.","622379","2025","41","29",0.364,0.296,0.068,0.455,0.462,-0.007000000000000006,0.417,0.388,0.02899999999999997,"7.71","5.98","1.734"
"Sulser, Cole","642121","2025","40","30",0.27,0.247,0.02300000000000002,0.378,0.363,0.015000000000000013,0.314,0.294,0.020000000000000018,"3.72","3.18","0.544"
"Mayza, Tim","641835","2025","40","30",0.243,0.196,0.046999999999999986,0.432,0.365,0.067,0.304,0.27,0.033999999999999975,"2.89","2.66","0.233"
"Harrington, Thomas","802419","2025","39","27",0.333,0.272,0.061,0.636,0.503,0.133,0.442,0.368,0.07400000000000001,"10.13","5.26","4.865"
"Fermin, José","820862","2025","39","21",0.273,0.209,0.06400000000000003,0.455,0.413,0.04200000000000004,0.374,0.329,0.044999999999999984,"5.87","4.07","1.8"
"McDermott, Chayce","694646","2025","39","23",0.276,0.267,0.009000000000000008,0.621,0.638,-0.017000000000000015,0.457,0.454,0.0030000000000000027,"8.22","8.98","-0.763"
"Chafin, Andrew","605177","2025","39","20",0.3,0.19,0.10999999999999999,0.3,0.222,0.07799999999999999,0.357,0.289,0.068,"2.25","3.07","-0.82"
"Arrighetti, Spencer","681293","2025","39","25",0.121,0.205,-0.08399999999999999,0.273,0.376,-0.10299999999999998,0.249,0.315,-0.066,"5.59","3.69","1.896"
"Burrows, Mike","681347","2025","39","29",0.265,0.284,-0.01899999999999996,0.618,0.48,0.138,0.415,0.373,0.04199999999999998,"8.64","5.43","3.21"
"Wrobleski, Justin","680736","2025","38","27",0.265,0.277,-0.01200000000000001,0.471,0.496,-0.025000000000000022,0.338,0.362,-0.023999999999999966,"8.00","5.06","2.94"
"Funderburk, Kody","681892","2025","38","30",0.371,0.268,0.10299999999999998,0.629,0.461,0.16799999999999998,0.435,0.324,0.11099999999999999,"9.00","3.93","5.07"
"Cortes, Nestor","641482","2025","38","23",0.226,0.235,-0.00899999999999998,0.742,0.648,0.09399999999999997,0.459,0.424,0.03500000000000003,"9.00","7.48","1.52"
"Harrison, Kyle","690986","2025","38","24",0.2,0.28,-0.08000000000000002,0.429,0.503,-0.07400000000000001,0.291,0.351,-0.06,"3.86","4.71","-0.853"
"Darrell-Hicks, Michael","690382","2025","38","27",0.323,0.33,-0.007000000000000006,0.452,0.607,-0.15499999999999997,0.368,0.446,-0.07800000000000001,"9.39","8.55","0.841"
"Young, Danny","664849","2025","37","20",0.281,0.212,0.06900000000000003,0.281,0.252,0.029000000000000026,0.301,0.258,0.04299999999999998,"4.32","2.43","1.89"
"Taylor, Troy","700187","2025","37","31",0.467,0.424,0.04300000000000004,0.7,0.71,-0.010000000000000009,0.501,0.481,0.020000000000000018,"12.15","10.56","1.59"
"Long, Sam","669674","2025","37","26",0.375,0.257,0.118,0.656,0.501,0.15500000000000003,0.472,0.361,0.11099999999999999,"12.86","5.03","7.827"
"Sandlin, Nick","680704","2025","37","21",0.194,0.239,-0.044999999999999984,0.226,0.287,-0.06099999999999997,0.269,0.306,-0.03699999999999998,"2.25","3.47","-1.22"
"Clarke, Taylor","664199","2025","37","29",0.111,0.223,-0.112,0.194,0.449,-0.255,0.147,0.295,-0.148,"0.82","3.20","-2.382"
"Peguero, Elvis","665625","2025","36","26",0.258,0.253,0.0050000000000000044,0.387,0.434,-0.046999999999999986,0.339,0.348,-0.008999999999999952,"4.91","4.62","0.289"
"Barnes, Jacob","606930","2025","36","28",0.323,0.314,0.009000000000000008,0.452,0.54,-0.08800000000000002,0.349,0.393,-0.04400000000000004,"9.00","6.17","2.83"
"Santos, Gregory","666619","2025","36","28",0.296,0.299,-0.0030000000000000027,0.407,0.456,-0.049000000000000044,0.377,0.39,-0.013000000000000012,"5.14","6.05","-0.907"
"Treinen, Blake","595014","2025","36","22",0.25,0.224,0.025999999999999995,0.375,0.371,0.0040000000000000036,0.32,0.304,0.016000000000000014,"3.38","3.42","-0.045"
"Petty, Chase","695534","2025","36","21",0.464,0.344,0.12000000000000005,0.893,0.643,0.25,0.607,0.479,0.128,"21.94","10.44","11.498"
"Matzek, Tyler","554431","2025","35","23",0.379,0.272,0.10699999999999998,0.517,0.456,0.061,0.423,0.358,0.065,"4.26","4.93","-0.667"
"Roberts, Ethan","681799","2025","35","26",0.258,0.283,-0.024999999999999967,0.516,0.501,0.015000000000000013,0.354,0.358,-0.0040000000000000036,"5.40","4.93","0.47"
"Matthews, Zebby","805673","2025","35","17",0.333,0.258,0.07500000000000001,0.333,0.366,-0.032999999999999974,0.344,0.318,0.025999999999999968,"7.71","3.77","3.944"
"Alexander, Jason","669920","2025","35","25",0.4,0.33,0.07,0.867,0.68,0.18699999999999994,0.56,0.466,0.09400000000000003,"18.00","9.65","8.35"
"Puk, A.J.","640462","2025","35","20",0.25,0.211,0.03900000000000001,0.531,0.345,0.18600000000000005,0.365,0.278,0.08699999999999997,"3.38","2.83","0.545"
"Vodnik, Victor","680767","2025","35","21",0.241,0.281,-0.040000000000000036,0.483,0.579,-0.09599999999999997,0.376,0.418,-0.04199999999999998,"4.50","7.21","-2.71"
"Morgan, Eli","669212","2025","35","28",0.375,0.27,0.10499999999999998,0.813,0.536,0.2769999999999999,0.516,0.361,0.15500000000000003,"12.27","5.03","7.243"
"Neris, Héctor","593576","2025","34","17",0.276,0.21,0.06600000000000003,0.552,0.447,0.10500000000000004,0.404,0.339,0.065,"11.04","4.35","6.695"
"Dubin, Shawn","681869","2025","34","20",0.138,0.171,-0.033,0.172,0.195,-0.02300000000000002,0.218,0.239,-0.02099999999999999,0,2.08,"-2.08"
"Díaz, Alexis","664747","2025","33","23",0.308,0.335,-0.027000000000000024,0.846,0.725,0.121,0.532,0.501,0.031000000000000028,"12.00","11.91","0.09"
"Brzykcy, Zach","694350","2025","33","22",0.345,0.339,0.00599999999999995,0.621,0.488,0.133,0.45,0.398,0.05199999999999999,"9.45","6.36","3.09"
"Ribalta, Orlando","687377","2025","33","23",0.172,0.254,-0.08200000000000002,0.379,0.482,-0.10299999999999998,0.291,0.358,-0.067,"5.87","4.93","0.94"
"Sanoja, Javier","691594","2025","32","30",0.533,0.419,0.11400000000000005,0.8,0.645,0.15500000000000003,0.587,0.471,0.11599999999999999,"19.80","9.95","9.85"
"Jarvis, Bryce","686826","2025","32","19",0.259,0.214,0.04500000000000001,0.444,0.353,0.09100000000000003,0.344,0.329,0.014999999999999958,"7.36","4.07","3.294"
"Brogdon, Connor","641401","2025","32","22",0.296,0.305,-0.009000000000000008,0.519,0.558,-0.039000000000000035,0.374,0.393,-0.019000000000000017,"5.87","6.17","-0.3"
"Cabrera, Génesis","650893","2025","32","22",0.241,0.262,-0.02100000000000002,0.379,0.459,-0.08000000000000002,0.309,0.343,-0.03400000000000003,"3.52","4.47","-0.948"
"Clevinger, Mike","605182","2025","31","20",0.227,0.196,0.031,0.273,0.249,0.02400000000000002,0.335,0.342,-0.007000000000000006,"7.94","4.44","3.501"
"Rolison, Ryan","669020","2025","31","24",0.321,0.296,0.025000000000000022,0.536,0.451,0.08500000000000002,0.4,0.357,0.04300000000000004,"7.11","4.90","2.205"
"Gillaspie, Logan","670810","2025","31","22",0.269,0.317,-0.04799999999999999,0.385,0.521,-0.136,0.353,0.413,-0.06,"2.57","6.99","-4.419"
"Thomas, Connor","671162","2025","31","23",0.462,0.361,0.10100000000000003,0.885,0.684,0.20099999999999996,0.553,0.476,0.07700000000000007,"20.25","10.25","10"
"McKenzie, Triston","663474","2025","30","19",0.318,0.334,-0.016000000000000014,0.545,0.602,-0.05699999999999994,0.435,0.495,-0.06,"11.12","11.49","-0.372"
"Tate, Dillon","622253","2025","30","16",0.304,0.25,0.05399999999999999,0.478,0.491,-0.013000000000000012,0.423,0.403,0.019999999999999962,"5.06","6.57","-1.507"
"Suarez, José","660761","2025","30","18",0.136,0.221,-0.08499999999999999,0.364,0.515,-0.15100000000000002,0.314,0.39,-0.07600000000000001,"2.46","6.05","-3.595"
"Dana, Caden","702674","2025","29","18",0.304,0.224,0.07999999999999999,0.609,0.394,0.21499999999999997,0.43,0.336,0.09399999999999997,"7.50","4.26","3.24"
"Svanson, Matt","694335","2025","29","18",0.12,0.186,-0.066,0.16,0.304,-0.144,0.177,0.254,-0.07700000000000001,"2.35","2.35","-0.002"
"Otañez, Michel","671305","2025","28","16",0.318,0.272,0.045999999999999985,0.727,0.57,0.15700000000000003,0.497,0.428,0.069,"13.50","7.66","5.84"
"Yoho, Craig","684974","2025","28","17",0.35,0.257,0.09299999999999997,0.55,0.366,0.18400000000000005,0.454,0.367,0.08700000000000002,"9.53","5.23","4.299"
"Miller, Bobby","676272","2025","28","18",0.44,0.318,0.122,0.76,0.588,0.17200000000000004,0.532,0.408,0.12400000000000005,"12.60","6.77","5.83"
"Criswell, Cooper","681867","2025","27","26",0.4,0.327,0.07300000000000001,0.56,0.502,0.05800000000000005,0.414,0.359,0.05499999999999999,"10.38","4.96","5.425"
"Rainey, Tanner","663432","2025","27","17",0.286,0.324,-0.038000000000000034,0.333,0.398,-0.065,0.328,0.384,-0.055999999999999994,"7.94","5.83","2.111"
"Hollowell, Gavin","668970","2025","26","19",0.25,0.252,-0.0020000000000000018,0.375,0.452,-0.07700000000000001,0.305,0.329,-0.02400000000000002,"1.42","4.07","-2.649"
"Sisk, Evan","681895","2025","26","10",0.238,0.17,0.06799999999999998,0.381,0.317,0.064,0.347,0.301,0.045999999999999985,"1.69","3.35","-1.662"
"Kershaw, Clayton","477132","2025","26","19",0.238,0.305,-0.067,0.476,0.56,-0.08400000000000007,0.353,0.428,-0.07500000000000001,"7.50","7.66","-0.16"
"Walker, Josh","677020","2025","25","14",0.364,0.24,0.124,0.5,0.377,0.123,0.415,0.316,0.09899999999999998,"7.20","3.72","3.48"
"Brash, Matt","666374","2025","25","14",0.15,0.184,-0.034,0.15,0.217,-0.067,0.247,0.284,-0.03699999999999998,0,2.96,"-2.96"
"Bowlan, Jonathan","680742","2025","25","18",0.167,0.198,-0.031,0.458,0.445,0.013000000000000012,0.281,0.285,-0.003999999999999948,"2.57","2.98","-0.409"
"Ellard, Fraser","686642","2025","25","8",0.056,0.124,-0.068,0.056,0.24,-0.184,0.232,0.306,-0.07399999999999998,"6.75","3.47","3.28"
"López, Reynaldo","625643","2025","25","22",0.391,0.416,-0.024999999999999967,0.565,0.612,-0.04700000000000004,0.439,0.463,-0.02400000000000002,"5.40","9.48","-4.08"
"Castro, Miguel","612434","2025","25","17",0.25,0.257,-0.007000000000000006,0.5,0.422,0.07800000000000001,0.396,0.372,0.02400000000000002,"6.75","5.40","1.35"
"Hahn, Jesse","534910","2025","25","16",0.333,0.328,0.0050000000000000044,0.5,0.435,0.065,0.412,0.384,0.02799999999999997,"5.40","5.83","-0.43"
"Loáisiga, Jonathan","642528","2025","24","17",0.19,0.229,-0.03900000000000001,0.286,0.286,0,0.268,0.286,-0.01799999999999996,"1.69","3.00","-1.312"
"Feyereisen, J.P.","656420","2025","23","18",0.5,0.37,0.13,0.909,0.64,0.269,0.605,0.43,0.175,"11.25","7.76","3.49"
"Maldonado, Anthony","687424","2025","23","14",0.286,0.228,0.05799999999999997,0.524,0.397,0.127,0.363,0.284,0.07900000000000001,"7.20","2.96","4.24"
"Church, Marc","687847","2025","23","12",0.25,0.276,-0.026000000000000023,0.375,0.621,-0.246,0.369,0.442,-0.07300000000000001,"3.86","8.35","-4.493"
"Kent, Zak","687849","2025","23","14",0.35,0.226,0.12399999999999997,0.4,0.295,0.10500000000000004,0.378,0.287,0.09100000000000003,"5.40","3.02","2.38"
"Tidwell, Blade","694918","2025","23","17",0.5,0.342,0.15799999999999997,0.667,0.533,0.134,0.523,0.415,0.10800000000000004,"14.73","7.07","7.657"
"McCaughan, Darren","670766","2025","23","16",0.227,0.233,-0.006000000000000005,0.273,0.323,-0.04999999999999999,0.24,0.259,-0.019000000000000017,"1.69","2.45","-0.762"
"Rogers, Trevor","669432","2025","22","16",0.095,0.208,-0.11299999999999999,0.095,0.298,-0.20299999999999999,0.114,0.24,-0.126,0,2.1,"-2.1"
"Phillips, Evan","623465","2025","22","14",0.2,0.204,-0.003999999999999976,0.2,0.245,-0.044999999999999984,0.225,0.24,-0.014999999999999986,0,2.1,"-2.1"
"Fisher, Braydon","680755","2025","22","12",0.136,0.236,-0.09999999999999998,0.136,0.28,-0.14400000000000002,0.121,0.223,-0.10200000000000001,0,1.82,"-1.82"
"Saucedo, Tayler","642048","2025","22","16",0.421,0.4,0.020999999999999963,0.632,0.72,-0.08799999999999997,0.49,0.505,-0.015000000000000013,"9.82","12.20","-2.382"
"Abel, Mick","690953","2025","22","13",0.227,0.226,0.0010000000000000009,0.227,0.31,-0.08299999999999999,0.202,0.23,-0.027999999999999997,0,1.93,"-1.93"
"Graveman, Kendall","608665","2025","22","17",0.368,0.368,0,0.579,0.644,-0.06500000000000006,0.445,0.466,-0.02100000000000002,"1.69","9.65","-7.962"
"Headrick, Brent","687396","2025","22","10",0.05,0.101,-0.051000000000000004,0.05,0.16,-0.11,0.104,0.164,-0.06000000000000001,0,1.03,"-1.03"
"Guerrero, Luis","692285","2025","21","14",0.167,0.323,-0.156,0.222,0.629,-0.40700000000000003,0.245,0.442,-0.197,"1.69","8.35","-6.662"
"Whitley, Forrest","666215","2025","21","13",0.118,0.252,-0.134,0.294,0.488,-0.194,0.274,0.382,-0.10799999999999998,"5.79","5.75","0.036"
"Muñoz, Roddery","682610","2025","21","13",0.263,0.404,-0.14100000000000001,0.526,0.718,-0.19199999999999995,0.371,0.496,-0.125,"7.71","11.56","-3.846"
"Eder, Jake","671109","2025","21","13",0.118,0.137,-0.019000000000000017,0.294,0.323,-0.029000000000000026,0.253,0.268,-0.015000000000000013,"3.38","2.62","0.755"
"Junk, Janson","676083","2025","21","16",0.3,0.36,-0.06,0.35,0.585,-0.235,0.306,0.417,-0.11099999999999999,"1.80","7.16","-5.36"
"Joyce, Ben","690829","2025","21","18",0.263,0.294,-0.030999999999999972,0.579,0.605,-0.026000000000000023,0.387,0.408,-0.020999999999999963,"6.23","6.77","-0.539"
"Monteverde, Patrick","687287","2025","20","15",0.474,0.303,0.17099999999999999,0.579,0.414,0.16499999999999998,0.473,0.328,0.14499999999999996,"9.82","4.04","5.778"
"Zastryzny, Rob","642239","2025","20","12",0.211,0.195,0.015999999999999986,0.211,0.241,-0.03,0.213,0.214,-0.0010000000000000009,0,1.68,"-1.68"
"McGreevy, Michael","700241","2025","20","13",0.056,0.203,-0.14700000000000002,0.056,0.363,-0.307,0.116,0.287,-0.17099999999999999,0,3.02,"-3.02"
"Pereda, Jhonny","640902","2025","20","15",0.529,0.395,0.134,0.941,0.623,0.31799999999999995,0.606,0.441,0.16499999999999998,"21.00","8.30","12.7"
"McGough, Scott","543518","2025","20","14",0.059,0.274,-0.21500000000000002,0.059,0.785,-0.726,0.149,0.475,-0.32599999999999996,0,10.19,"-10.19"
"Nikhazy, Doug","680951","2025","20","11",0.357,0.338,0.01899999999999996,0.643,0.62,0.02300000000000002,0.505,0.491,0.014000000000000012,"18.00","11.22","6.78"
"Rojas, Miguel","500743","2025","19","18",0.5,0.462,0.03799999999999998,1.167,0.955,0.21200000000000008,0.708,0.602,0.10599999999999998,"21.00","22.03","-1.03"
"Dobnak, Randy","677976","2025","19","16",0.118,0.302,-0.184,0.294,0.534,-0.24000000000000005,0.23,0.39,-0.16,"1.69","6.05","-4.362"
"Kirby, George","669923","2025","19","12",0.4,0.365,0.03500000000000003,0.533,0.441,0.09200000000000003,0.432,0.391,0.04099999999999998,"12.27","6.09","6.183"
"Bauers, Jake","641343","2025","19","16",0.25,0.273,-0.02300000000000002,0.313,0.599,-0.286,0.321,0.42,-0.09899999999999998,0,7.3,"-7.3"
"Blubaugh, AJ","805123","2025","19","12",0.294,0.237,0.056999999999999995,0.647,0.545,0.10199999999999998,0.396,0.327,0.069,"4.50","4.01","0.49"
"Kelly, Kevin","687330","2025","19","15",0.118,0.415,-0.297,0.294,0.934,-0.6400000000000001,0.23,0.579,-0.349,"3.60","19.10","-15.5"
"Núñez, Dedniel","673380","2025","18","9",0.083,0.158,-0.075,0.083,0.334,-0.251,0.281,0.369,-0.08799999999999997,"7.36","5.29","2.074"
"Boyle, Joe","671212","2025","18","8",0,0.18,-0.18,0,0.372,-0.372,0.118,0.31,-0.192,0,3.57,"-3.57"
"Rodriguez, Carlos","692230","2025","18","12",0.357,0.23,0.12699999999999997,0.571,0.422,0.14899999999999997,0.465,0.369,0.09600000000000003,"8.10","5.29","2.81"
"Winn, Cole","668390","2025","18","14",0.25,0.206,0.04400000000000001,0.25,0.26,-0.010000000000000009,0.25,0.23,0.01999999999999999,0,1.93,"-1.93"
"Walter, Brandon","687888","2025","18","12",0.176,0.2,-0.02400000000000002,0.235,0.242,-0.007000000000000006,0.208,0.219,-0.01100000000000001,0,1.76,"-1.76"
"Cruz, Omar","678316","2025","18","10",0.267,0.205,0.06200000000000003,0.333,0.31,0.02300000000000002,0.335,0.298,0.03700000000000003,"4.91","3.27","1.639"
"Harvey, Hunter","640451","2025","17","10",0.059,0.125,-0.066,0.059,0.157,-0.098,0.052,0.123,-0.07100000000000001,0,0.62,"-0.62"
"Beck, Tristan","663941","2025","17","12",0.118,0.175,-0.056999999999999995,0.118,0.2,-0.08200000000000002,0.105,0.164,-0.05900000000000001,"1.80","1.03","0.77"
"Curry, Xzavion","675540","2025","16","12",0.308,0.19,0.118,0.308,0.327,-0.019000000000000017,0.353,0.308,0.044999999999999984,"6.00","3.52","2.48"
"Cosgrove, Tom","676680","2025","16","12",0.2,0.161,0.03900000000000001,0.2,0.183,0.017000000000000015,0.21,0.186,0.023999999999999994,"2.25","1.29","0.96"
"Alvarado, Elvis","665660","2025","16","8",0.333,0.221,0.11200000000000002,0.75,0.422,0.328,0.522,0.38,0.14200000000000002,"10.13","5.68","4.445"
"Perdomo, Angel","622780","2025","16","10",0.167,0.288,-0.12099999999999997,0.167,0.45,-0.28300000000000003,0.287,0.413,-0.126,"5.40","6.99","-1.59"
"Chavez, Jesse","445926","2025","16","10",0.308,0.242,0.066,0.692,0.517,0.17499999999999993,0.475,0.389,0.08599999999999997,"6.00","6.01","-0.01"
"Poteet, Cody","547001","2025","16","13",0.429,0.261,0.16799999999999998,0.714,0.508,0.20599999999999996,0.513,0.372,0.14100000000000001,"16.88","5.40","11.475"
"Waddell, Brandon","663399","2025","16","12",0.188,0.268,-0.08000000000000002,0.188,0.39,-0.202,0.167,0.283,-0.11599999999999996,0,2.94,"-2.94"
"Díaz, Yilber","700270","2025","15","11",0.333,0.386,-0.05299999999999999,0.5,0.681,-0.18100000000000005,0.427,0.502,-0.07500000000000001,"9.00","11.98","-2.98"
"Selby, Colin","681882","2025","15","9",0.214,0.226,-0.01200000000000001,0.5,0.514,-0.014000000000000012,0.329,0.335,-0.006000000000000005,"4.91","4.23","0.679"
"Brasier, Ryan","518489","2025","15","11",0.231,0.357,-0.12599999999999997,0.308,0.475,-0.16699999999999998,0.296,0.408,-0.11199999999999999,"2.70","6.77","-4.07"
"Krook, Matt","640454","2025","15","11",0.385,0.258,0.127,0.538,0.459,0.07900000000000001,0.422,0.331,0.09099999999999997,"5.40","4.12","1.28"
"Dunning, Dane","641540","2025","14","9",0.333,0.246,0.08700000000000002,0.583,0.405,0.17799999999999994,0.439,0.34,0.09899999999999998,"6.00","4.38","1.62"
"Bergert, Ryan","686701","2025","14","11",0.077,0.186,-0.109,0.077,0.419,-0.34199999999999997,0.116,0.288,-0.172,0,3.05,"-3.05"
"Enright, Nic","663671","2025","14","9",0.308,0.259,0.04899999999999999,0.538,0.684,-0.14600000000000002,0.389,0.411,-0.021999999999999964,"9.00","6.90","2.1"
"Wynne, Randy","691094","2025","13","9",0.25,0.226,0.023999999999999994,0.583,0.588,-0.0050000000000000044,0.38,0.368,0.01200000000000001,"3.00","5.26","-2.26"
"Hagenman, Justin","663795","2025","13","9",0.231,0.206,0.025000000000000022,0.385,0.319,0.066,0.264,0.223,0.04100000000000001,"2.70","1.82","0.88"
"Seabold, Connor","657756","2025","13","11",0.455,0.278,0.177,0.455,0.438,0.017000000000000015,0.396,0.328,0.068,"3.38","4.04","-0.665"
"Rivera, Emmanuel","656896","2025","13","11",0.727,0.424,0.303,1.364,0.902,0.4620000000000001,0.863,0.579,0.28400000000000003,"72.00","19.10","52.9"
"Mederos, Victor","682989","2025","13","8",0.2,0.133,0.067,0.5,0.216,0.28400000000000003,0.382,0.273,0.10899999999999999,"6.00","2.72","3.28"
"Jameson, Drey","686753","2025","13","10",0.4,0.414,-0.013999999999999957,0.6,0.519,0.08099999999999996,0.493,0.47,0.02300000000000002,"3.00","9.89","-6.89"
"Hill, Jaden","677955","2025","13","6",0.273,0.106,0.16700000000000004,0.455,0.214,0.24100000000000002,0.368,0.219,0.149,"3.38","1.76","1.615"
"Fulmer, Michael","605242","2025","13","9",0.364,0.365,-0.0010000000000000009,0.818,0.837,-0.019000000000000017,0.531,0.53,0.0010000000000000009,"10.13","14.18","-4.055"
"Edwards Jr., Carl","605218","2025","13","10",0.364,0.255,0.10899999999999999,0.636,0.486,0.15000000000000002,0.419,0.331,0.08799999999999997,"9.00","4.12","4.88"
"Lazar, Max","676661","2025","13","10",0.25,0.335,-0.08500000000000002,0.333,0.464,-0.131,0.288,0.372,-0.08400000000000002,"6.00","5.40","0.6"
"O'Brien, Riley","676617","2025","13","8",0.3,0.347,-0.046999999999999986,0.6,0.522,0.07799999999999996,0.46,0.45,0.010000000000000009,"10.13","8.76","1.365"
"Kittredge, Andrew","552640","2025","13","8",0.25,0.25,0,0.333,0.315,0.018000000000000016,0.288,0.279,0.008999999999999952,"3.00","2.85","0.15"
"Strickland, Hunter","519326","2025","13","10",0.091,0.248,-0.157,0.091,0.366,-0.275,0.175,0.328,-0.15300000000000002,0,4.04,"-4.04"
"Davis, Noah","663562","2025","13","7",0.3,0.282,0.018000000000000016,0.6,0.468,0.13199999999999995,0.46,0.408,0.052000000000000046,"10.13","6.77","3.355"
"Moll, Sam","594580","2025","12","8",0.375,0.259,0.11599999999999999,0.75,0.449,0.301,0.541,0.406,0.135,"18.00","6.69","11.31"
"Ashcraft, Braxton","677952","2025","12","10",0.182,0.264,-0.08200000000000002,0.182,0.338,-0.15600000000000003,0.206,0.299,-0.093,0,3.3,"-3.3"
"Freeman, Caleb","673965","2025","12","9",0.4,0.296,0.10400000000000004,0.8,0.549,0.251,0.53,0.386,0.14400000000000002,"7.71","5.90","1.814"
"Thompson, Zach","605507","2025","12","8",0,0.129,-0.129,0,0.148,-0.148,0.058,0.17,-0.11200000000000002,0,1.1,"-1.1"
"Mena, Cristian","691441","2025","12","6",0,0.114,-0.114,0,0.122,-0.122,0.058,0.154,-0.096,0,0.92,"-0.92"
"Lovelady, Richard","663992","2025","12","4",0.333,0.177,0.15600000000000003,0.667,0.359,0.30800000000000005,0.509,0.411,0.09800000000000003,"21.60","6.90","14.7"
"Ashby, Aaron","676879","2025","12","7",0.182,0.193,-0.01100000000000001,0.273,0.207,0.06600000000000003,0.238,0.22,0.017999999999999988,0,1.77,"-1.77"
"Stratton, Hunter","676702","2025","12","11",0.545,0.527,0.018000000000000016,0.909,1.004,-0.09499999999999997,0.634,0.65,-0.016000000000000014,"21.60","29.97","-8.37"
"Wicks, Jordan","696136","2025","12","10",0.545,0.4,0.14500000000000002,0.545,0.447,0.09800000000000003,0.486,0.369,0.11699999999999999,"13.50","5.29","8.21"
"Toussaint, Touki","657053","2025","11","7",0.4,0.274,0.126,0.5,0.356,0.14400000000000002,0.422,0.311,0.11099999999999999,"9.00","3.59","5.41"
"Mattson, Isaac","676755","2025","11","6",0.1,0.191,-0.091,0.4,0.504,-0.10399999999999998,0.252,0.325,-0.07300000000000001,"3.00","3.96","-0.96"
"Scherzer, Max","453286","2025","11","10",0.273,0.318,-0.044999999999999984,0.818,0.895,-0.07700000000000007,0.459,0.499,-0.03999999999999998,"6.00","11.77","-5.77"
"Suárez, Albert","544150","2025","11","9",0.5,0.23,0.27,0.5,0.315,0.185,0.405,0.266,0.139,"3.38","2.58","0.795"
"Barnhart, Tucker","571466","2025","11","10",0.5,0.346,0.15400000000000003,0.6,0.534,0.06599999999999995,0.505,0.408,0.09700000000000003,"13.50","6.77","6.73"
"Mateo, Jorge","622761","2025","11","8",0.625,0.59,0.03500000000000003,1,0.999,0.0010000000000000009,0.705,0.688,0.017000000000000015,"45.00","38.77","6.23"
"Burdi, Nick","595897","2025","10","8",0.444,0.397,0.046999999999999986,0.444,0.478,-0.033999999999999975,0.426,0.412,0.014000000000000012,0,6.94,"-6.94"
"Bolton, Cody","675989","2025","10","9",0.4,0.377,0.02300000000000002,0.5,0.539,-0.039000000000000035,0.394,0.392,0.0020000000000000018,"13.50","6.13","7.37"
"Rosario, Amed","642708","2025","10","8",0.625,0.506,0.119,1,0.857,0.14300000000000002,0.703,0.602,0.10099999999999998,"36.00","22.03","13.97"
"Hall, DL","669084","2025","10","7",0.25,0.321,-0.07100000000000001,0.25,0.369,-0.119,0.317,0.378,-0.061,"3.86","5.61","-1.753"
"Herget, Kevin","643361","2025","10","9",0.3,0.273,0.02699999999999997,0.4,0.438,-0.03799999999999998,0.305,0.302,0.0030000000000000027,"4.50","3.37","1.13"
"Henry, Tommy","674072","2025","9","7",0.143,0.31,-0.167,0.143,0.382,-0.23900000000000002,0.202,0.354,-0.15199999999999997,0,4.8,"-4.8"
"Ottavino, Adam","493603","2025","9","2",0,0.103,-0.103,0,0.128,-0.128,0.309,0.365,-0.055999999999999994,0,5.16,"-5.16"
"Stock, Robert","476594","2025","9","8",0.375,0.39,-0.015000000000000013,0.375,0.432,-0.056999999999999995,0.374,0.396,-0.02200000000000002,"4.50","6.29","-1.79"
"Wolfram, Grant","664991","2025","9","6",0.429,0.341,0.08799999999999997,0.714,0.587,0.127,0.536,0.46,0.07600000000000001,"13.50","9.31","4.19"
"Devenski, Chris","606965","2025","9","6",0.333,0.277,0.055999999999999994,0.667,0.437,0.23000000000000004,0.359,0.298,0.061,"9.00","3.27","5.73"
"Stallings, Jacob","607732","2025","8","7",0.25,0.313,-0.063,0.375,0.468,-0.09300000000000003,0.27,0.336,-0.066,"4.50","4.26","0.24"
"Zulueta, Yosver","691172","2025","8","6",0,0.409,-0.409,0,0.996,-0.996,0.099,0.599,-0.5,"3.86","21.62","-17.763"
"Wilson, Will","669717","2025","8","8",0.25,0.487,-0.237,0.75,0.97,-0.21999999999999997,0.419,0.611,-0.192,"9.00","23.31","-14.31"
"Lao, Sauryn","666659","2025","8","5",0.375,0.133,0.242,0.5,0.276,0.22399999999999998,0.381,0.173,0.20800000000000002,0,1.13,"-1.13"
"Toro, Abraham","647351","2025","8","7",0.667,0.408,0.25900000000000006,1,0.519,0.481,0.627,0.391,0.236,"18.00","6.09","11.91"
"Kriske, Brooks","621139","2025","8","5",0.167,0.286,-0.11899999999999997,0.333,0.465,-0.132,0.332,0.413,-0.08099999999999996,0,6.99,"-6.99"
"Owens, Tyler","687074","2025","7","6",0.143,0.284,-0.141,0.143,0.401,-0.258,0.127,0.292,-0.16499999999999998,0,3.14,"-3.14"
"Wiles, Nathan","686249","2025","7","6",0.667,0.493,0.17400000000000004,0.833,0.626,0.20699999999999996,0.563,0.418,0.14499999999999996,"27.00","7.21","19.79"
"Sánchez, Gary","596142","2025","7","5",0.4,0.447,-0.046999999999999986,1.2,1.085,0.11499999999999999,0.682,0.661,0.02100000000000002,"36.00","32.24","3.76"
"Loutos, Ryan","702795","2025","7","5",0.5,0.35,0.15000000000000002,0.667,0.444,0.22300000000000003,0.535,0.392,0.14300000000000002,"18.00","6.13","11.87"
"Petersen, Michael","656848","2025","6","5",0,0.138,-0.138,0,0.15,-0.15,0,0.128,-0.128,0,0.67,"-0.67"
"Hedges, Austin","595978","2025","6","4",0.4,0.449,-0.04899999999999999,0.6,0.612,-0.01200000000000001,0.476,0.496,-0.020000000000000018,"9.00","11.56","-2.56"
"Rivas, Leo","660844","2025","6","5",0.6,0.522,0.07799999999999996,0.6,0.65,-0.050000000000000044,0.561,0.544,0.017000000000000015,0,15.43,"-15.43"
"Wade, Tyler","642180","2025","6","5",0.4,0.397,0.0030000000000000027,0.6,0.456,0.14399999999999996,0.476,0.425,0.05099999999999999,"9.00","7.52","1.48"
"Nido, Tomás","621512","2025","6","5",0,0.105,-0.105,0,0.148,-0.148,0.121,0.195,-0.07400000000000001,0,1.41,"-1.41"
"Little, Luke","681432","2025","6","2",0,0.001,-0.001,0,0.001,-0.001,0.556,0.556,0,"13.50","16.59","-3.09"
"Robert, Daniel","642016","2025","6","1",0.333,0.161,0.17200000000000001,0.333,0.176,0.15700000000000003,0.496,0.421,0.07500000000000001,"13.50","7.34","6.16"
"Hernández, Enrique","571771","2025","5","5",0.4,0.143,0.257,0.4,0.154,0.24600000000000002,0.356,0.132,0.22399999999999998,0,0.7,"-0.7"
"Duran, Carlos","679922","2025","5","2",0.5,0.31,0.19,0.5,0.371,0.129,0.595,0.535,0.05999999999999994,"81.00","14.61","66.39"
"Díaz, Jhonathan","646242","2025","5","4",0.2,0.277,-0.07700000000000001,0.2,0.316,-0.11599999999999999,0.178,0.263,-0.08500000000000002,0,2.52,"-2.52"
"Strowd, Kade","669704","2025","5","4",0.4,0.21,0.19000000000000003,0.6,0.36,0.24,0.432,0.242,0.19,"9.00","2.14","6.86"
"Horn, Bailey","690544","2025","5","3",0.2,0.215,-0.014999999999999986,0.2,0.307,-0.10699999999999998,0.178,0.226,-0.048000000000000015,0,1.87,"-1.87"
"Hiraldo, Yaramil","682274","2025","5","4",0.2,0.141,0.059000000000000025,0.2,0.197,0.0030000000000000027,0.178,0.143,0.035,0,0.81,"-0.81"
"Warren, Austin","681810","2025","4","2",0,0.132,-0.132,0,0.296,-0.296,0.174,0.309,-0.135,0,3.54,"-3.54"
"Adcock, Ty","686654","2025","4","2",0.5,0.26,0.24,0.5,0.298,0.202,0.529,0.396,0.133,0,6.29,"-6.29"
"Koss, Christian","683766","2025","4","4",0.25,0.239,0.01100000000000001,0.25,0.288,-0.03799999999999998,0.223,0.232,-0.009000000000000008,0,1.97,"-1.97"
"Castro, Willi","650489","2025","4","4",0.25,0.192,0.057999999999999996,0.25,0.282,-0.03199999999999997,0.223,0.202,0.02099999999999999,0,1.51,"-1.51"
"Daniel, Davis","669721","2025","4","2",0,0.167,-0.167,0,0.197,-0.197,0.182,0.303,-0.121,0,3.39,"-3.39"
"Molina, Anthony","683627","2025","3","2",0,0.126,-0.126,0,0.152,-0.152,0,0.117,-0.117,0,0.57,"-0.57"
"McGee, Easton","668834","2025","3","2",0,0.106,-0.106,0,0.126,-0.126,0,0.096,-0.096,0,0.41,"-0.41"
"Amaya, Jacob","676070","2025","3","3",0,0.077,-0.077,0,0.102,-0.102,0,0.077,-0.077,0,0.29,"-0.29"
"Stefanic, Michael","683021","2025","3","3",0,0.068,-0.068,0,0.128,-0.128,0,0.079,-0.079,0,0.3,"-0.3"
"Duran, Ezequiel","677649","2025","3","3",0,0.454,-0.454,0,0.498,-0.498,0,0.419,-0.419,0,7.25,"-7.25"
"Trejo, Alan","676701","2025","3","3",0.333,0.365,-0.03199999999999997,0.333,0.403,-0.07,0.297,0.334,-0.03700000000000003,0,4.2,"-4.2"
"Lopez, Nicky","670032","2025","2","1",0,0.014,-0.014,0,0.034,-0.034,0.348,0.357,-0.009000000000000008,0,4.9,"-4.9"
"Morgan, David","688158","2025","2","2",0,0.315,-0.315,0,0.35,-0.35,0,0.29,-0.29,0,3.09,"-3.09"